Strawberry Type/Chemical Label (Each entry is the volatility of the sample in ng / gFW hr),75-85-4 ,616-25-1 ,1629-58-9 ,96-22-0 ,110-62-3 ,1534-08-3 ,105-37-3,109-60-4 ,623-42-7 ,591-78-6 ,108-10-1 ,1576-87-0 ,1576-86-9 ,623-43-8 ,71-41-0,1576-95-0 ,556-24-1 ,589-38-8 ,105-54-4 ,66-25-1 ,123-86-4 ,624-24-8 ,29674-47-3 ,96-04-8 ,638-11-9 ,116-53-0 ,7452-79-1 ,6728-26-3 ,928-95-0 ,111-27-3 ,123-92-2 ,624-41-9 ,110-43-0,2432-51-1 ,105-66-8 ,539-82-2 ,111-71-7 ,628-63-7 ,1191-16-8 ,106-70-7 ,55514-48-2 ,110-93-0 ,109-21-7 ,123-66-0 ,124-13-0 ,142-92-7 ,2497-18-9 ,60415-61-4,104-76-7 , 2311-46-8 ,109-19-3 ,2548-87-0 ,540-18-1 ,4077-47-8 ,20664-46-4,821-55-6 ,5989-33-3 ,78-70-6 ,124-19-6 ,103-09-3,140-11-4 ,2639-63-6 ,53398-83-7 ,106-32-1 ,112-14-1 ,564-94-3 ,3913-81-3 ,134-20-3 ,110-39-4 ,110-38-3 ,29811-50-5 ,7786-58-5 ,15111-96-3 ,706-14-9 ,10522-34-6 ,5881-17-4 ,128-37-0,40716-66-3 ,4887-30-3 ,5454-09-1 ,2305-05-7 
PROPRIETARY 1 ,6.96,41.24,179.33,95.96,10.87,0.53,1.81,1.83,3437.73,5.08,0.00,64.62,78.26,2.29,0.00,1.39,67.02,1.83,110.34,1968.29,21.02,7.10,3.32,3.53,41.97,45.90,77.04,14335.48,92.25,9.11,9.75,37.36,9.54,3.18,1.06,0.00,4.23,3.94,2.54,517.87,0.00,4.09,6.22,7.97,9.90,45.64,29.13,0.53,4.53,0.00,0.79,2.17,1.67,12.78,29.87,0.11,3.81,137.57,22.11,4.51,7.40,2.54,2.84,0.13,11.65,3.33,5.23,0.00,11.79,0.00,5.59,4.53,0.85,0.68,0.44,9.73,0.67,97.06,12.78,8.68,4.20
CAMAROSA,7.13,30.29,225.30,81.56,13.84,0.61,4.55,5.39,3938.54,3.75,0.00,73.97,79.63,7.74,0.00,3.00,60.52,0.76,81.38,6487.68,117.21,3.47,2.22,1.68,30.25,30.03,47.41,15185.47,78.48,9.09,13.09,44.21,6.52,5.51,2.81,2.57,6.47,5.22,12.84,168.57,0.00,3.10,29.58,9.92,9.99,69.96,79.21,0.00,1.38,0.00,1.23,3.22,1.63,17.54,14.62,0.66,1.63,51.87,18.85,2.87,7.66,6.98,7.08,0.16,21.13,3.66,4.22,0.00,27.44,0.00,7.58,6.93,0.56,0.96,0.59,7.49,1.09,26.75,9.98,4.82,5.42
FESTIVAL,5.85,12.67,242.82,77.29,38.30,0.61,26.83,1.63,2946.22,6.74,0.00,70.39,68.79,0.51,2.53,2.08,37.85,2.65,50.73,3557.99,61.96,8.25,2.90,2.20,118.88,37.91,52.20,10600.45,9.02,2.26,2.62,5.74,14.89,18.72,10.74,6.12,4.32,4.14,0.60,191.30,0.00,5.35,132.50,125.58,4.92,52.94,16.30,1.31,11.70,0.33,1.63,3.91,2.56,19.87,37.83,1.43,3.16,75.99,19.24,3.29,6.81,21.49,16.38,1.21,11.03,4.22,3.58,0.00,50.97,6.02,0.59,1.17,1.93,0.60,1.51,8.54,2.27,86.35,23.87,11.82,9.72
MARA DES BOIS,5.14,10.54,194.51,71.36,2.27,0.44,7.17,3.84,1829.32,6.24,0.00,38.78,54.19,3.05,0.05,1.92,5.92,0.57,54.34,2189.85,88.98,2.78,0.40,0.56,11.69,24.73,57.68,12230.43,126.08,14.36,2.70,5.14,7.73,1.17,6.39,2.12,3.18,4.73,1.08,211.46,0.00,4.01,72.56,103.95,9.56,67.35,54.68,0.10,1.91,0.03,2.07,2.15,2.21,17.84,17.40,1.07,1.32,28.59,12.59,4.50,8.83,21.27,15.48,0.80,19.38,10.95,2.72,0.00,33.50,1.22,1.11,6.72,4.69,0.94,0.42,8.68,0.36,9.85,8.74,1.46,5.54
RADIANCE,8.05,13.94,202.66,73.78,11.81,0.32,0.99,2.62,2093.93,4.44,0.00,69.95,70.06,8.11,0.00,3.18,14.88,0.49,55.42,2830.28,38.56,6.00,1.38,1.51,75.65,39.49,87.29,15085.78,61.45,10.71,24.34,44.81,18.59,2.35,2.46,3.21,5.15,4.36,21.68,230.46,0.00,4.66,13.61,5.73,6.45,46.21,17.64,0.14,12.21,0.00,0.40,3.64,1.60,26.97,9.60,0.41,3.58,306.04,40.01,3.41,11.79,8.25,4.27,0.23,5.46,52.26,2.71,0.00,6.10,0.00,0.54,0.34,0.65,115.37,0.68,9.88,2.43,308.02,20.59,19.16,7.73
PROPRIETARY 2,4.40,15.29,140.46,32.32,1.40,0.42,3.25,1.14,7359.57,81.41,0.00,78.60,65.21,5.96,0.00,1.84,278.06,2.08,72.34,2235.46,223.79,8.81,19.83,16.03,206.43,48.14,86.63,12931.96,2.18,1.44,43.48,5.96,19.82,3.28,2.07,0.00,4.33,4.10,0.00,182.53,0.64,2.16,184.68,21.92,4.26,57.68,5.26,1.60,4.26,2.03,20.36,1.91,11.15,16.90,32.79,2.18,1.80,31.65,11.72,4.42,12.94,12.80,7.12,0.39,10.35,8.12,4.23,0.00,34.71,0.00,2.00,24.85,0.06,0.00,1.36,11.41,0.82,5.12,2.20,0.85,2.43
CAMAROSA,8.05,19.41,168.15,64.90,5.51,0.84,6.24,4.08,3092.47,6.75,0.00,84.45,83.49,4.52,0.08,3.82,40.17,1.36,74.73,3096.11,151.16,3.50,2.79,2.29,39.34,42.56,86.60,16752.16,49.50,7.84,9.45,28.73,12.78,8.03,5.22,2.59,6.70,8.16,7.85,177.26,1.17,4.82,82.90,34.95,11.54,76.65,17.42,0.15,3.14,0.45,2.82,4.47,2.67,23.65,23.72,2.30,1.13,79.98,20.75,3.96,15.69,12.79,3.99,0.62,34.07,9.20,6.93,0.00,60.22,0.00,11.73,16.29,2.80,1.57,1.14,10.85,2.21,78.87,16.29,4.94,9.50
SWEET CHARLIE,5.32,19.04,229.19,55.66,1.10,0.36,1.59,0.99,2821.39,19.94,0.00,83.44,76.64,3.55,0.00,0.00,38.92,1.69,65.95,3242.15,41.22,8.66,2.03,10.51,35.48,37.92,101.23,11893.28,0.93,9.64,6.98,4.40,130.12,0.00,3.45,1.76,4.95,4.92,0.00,579.41,0.28,6.87,46.30,80.13,9.32,72.09,5.60,1.15,10.25,2.60,1.99,4.78,2.74,28.96,26.38,9.77,4.42,161.57,32.69,3.44,25.45,17.14,3.60,1.26,28.47,10.97,3.42,0.00,59.74,3.99,3.58,15.07,4.29,313.79,1.33,12.77,5.49,667.62,65.87,24.70,11.74
TREASURE,9.93,17.29,266.09,83.88,1.31,0.93,0.09,0.73,1569.55,20.85,0.00,84.64,92.80,1.88,0.00,1.15,52.65,1.65,41.17,5076.19,148.51,1.35,4.99,6.89,281.63,44.88,107.55,18382.28,29.13,6.43,12.30,14.65,43.93,0.00,4.06,2.59,8.63,4.57,1.81,39.38,0.66,5.16,211.28,16.96,8.05,59.48,6.67,1.15,6.23,0.00,6.15,6.53,7.55,42.14,37.23,8.28,1.29,65.37,17.61,2.04,11.17,29.51,9.74,0.26,9.99,10.54,5.50,0.00,53.49,0.00,2.87,10.66,0.61,5.79,1.64,9.70,1.33,34.85,8.92,1.62,30.10
WINTER DAWN,5.43,18.71,119.71,52.64,3.33,0.44,0.83,1.24,2390.40,4.32,0.00,61.61,58.78,3.68,0.28,4.39,13.53,1.54,58.02,2783.71,41.49,7.19,3.41,0.00,68.75,37.09,83.33,15661.83,71.96,9.30,4.33,8.79,3.99,0.79,2.31,1.11,4.85,4.21,0.00,181.28,0.32,3.41,7.54,22.10,3.95,30.73,13.87,0.47,4.77,0.00,1.60,4.77,1.10,20.93,7.30,0.57,0.92,54.87,8.35,2.49,8.65,2.03,1.34,0.33,4.41,2.19,1.95,0.00,3.37,0.00,0.61,0.24,0.96,1.02,0.27,7.42,1.71,159.43,0.00,0.00,6.49
PROPRIETARY 3,8.71,22.22,150.99,115.86,8.56,0.55,15.53,10.02,3205.64,12.35,0.00,52.73,78.50,3.75,1.96,1.05,227.94,1.64,58.66,3252.41,45.78,4.12,4.17,3.95,42.51,53.35,88.85,13505.17,120.68,34.87,119.22,81.96,7.59,4.26,2.63,9.21,2.97,9.74,29.55,506.71,0.64,6.06,3.57,148.57,5.69,39.10,24.51,0.35,2.00,5.06,0.50,2.67,0.83,10.54,107.78,0.00,2.48,322.88,13.77,6.06,25.91,1.01,0.62,4.63,20.99,0.78,3.53,0.00,4.28,0.00,1.74,8.02,1.01,3.11,0.38,9.60,0.98,74.18,4.33,0.00,16.59
CAMINO REAL,6.04,25.66,95.42,53.72,0.57,0.66,3.43,1.91,2360.98,3.78,0.00,36.84,34.19,5.73,0.48,0.98,13.51,2.98,67.98,1990.17,62.46,1.83,3.05,0.72,24.16,16.39,32.07,10723.21,81.37,30.08,6.75,9.21,1.98,0.00,0.53,0.00,0.77,4.23,3.50,150.10,0.49,0.86,23.70,48.17,4.60,32.03,9.52,0.00,0.00,7.27,0.00,0.91,0.19,3.31,10.08,0.00,1.73,286.33,10.30,4.26,36.07,3.94,1.06,0.82,20.04,0.84,1.31,0.00,24.94,0.00,2.53,1.80,1.00,21.12,0.61,9.23,1.22,36.38,8.96,1.89,1.31
FESTIVAL,8.22,12.68,89.56,67.11,24.28,0.32,51.55,3.51,4615.03,4.70,0.00,50.18,28.94,1.24,0.53,2.60,36.82,3.50,58.22,11063.45,48.47,15.63,3.18,1.44,68.20,18.34,101.79,9615.52,7.37,7.79,2.77,8.83,6.26,12.01,7.61,2.71,1.20,6.64,0.94,601.98,0.16,3.57,61.45,162.29,3.00,35.01,3.98,0.00,7.53,2.32,0.00,0.89,0.69,7.91,23.99,0.00,1.68,71.60,7.05,3.84,6.47,11.68,5.12,2.07,17.37,4.07,2.24,0.00,41.00,3.63,3.15,1.61,6.17,0.40,1.78,10.03,3.01,96.42,20.83,3.04,9.09
WINTERSTAR,3.32,9.68,48.13,30.02,3.95,0.00,9.23,4.45,1530.58,6.86,0.00,23.16,12.17,1.27,0.00,0.60,37.20,1.93,36.76,1357.23,32.35,4.93,1.84,2.63,41.69,21.80,46.72,5950.65,38.79,23.12,10.35,18.40,4.04,0.00,7.34,0.36,0.00,4.07,11.72,319.32,0.38,0.97,22.95,133.45,3.37,33.59,25.97,0.00,8.88,0.00,0.00,0.42,1.89,1.26,2.50,0.00,0.78,32.98,2.12,2.94,10.12,7.39,3.65,1.29,10.17,4.94,0.47,0.00,11.29,0.64,0.66,0.64,1.64,20.02,0.57,5.25,1.03,30.80,5.61,0.85,1.60
FESTIVAL,2.13,15.59,59.40,42.88,13.92,0.00,4.15,2.08,2272.42,6.17,0.00,24.28,18.28,1.01,0.00,1.55,9.70,2.03,52.35,1177.82,12.03,5.84,4.84,1.03,24.69,15.50,31.94,7458.72,62.14,20.92,4.61,10.92,3.92,2.10,3.28,0.14,0.63,3.43,1.48,247.67,0.19,1.53,10.87,37.28,2.55,14.04,9.23,0.00,3.41,0.00,0.00,0.41,1.03,2.03,2.17,0.00,2.40,59.36,2.10,2.28,4.03,3.72,2.90,0.41,2.89,0.17,0.65,0.00,4.84,0.40,0.74,0.00,1.73,5.78,0.32,5.90,1.41,51.21,3.16,0.81,2.78
RADIANCE,2.12,6.33,54.62,28.61,15.06,0.00,6.76,5.50,1341.81,4.94,0.00,31.53,14.50,7.43,0.10,0.69,10.57,1.65,36.20,1355.03,11.65,5.14,1.64,0.45,32.38,25.94,196.93,7258.31,29.59,26.48,7.32,13.58,5.60,1.68,4.48,0.00,0.33,4.42,11.16,184.38,0.27,2.86,4.59,31.31,2.41,23.01,24.78,0.00,4.20,0.00,0.00,0.40,0.15,3.05,2.13,0.00,0.23,150.10,4.63,2.41,8.77,2.56,3.60,0.28,1.24,5.12,0.78,0.00,1.17,0.37,0.80,0.00,1.42,33.22,0.57,6.43,3.08,198.38,0.00,0.00,3.55
PROPRIETARY 4,0.48,22.43,249.57,67.72,1.33,0.27,7.22,2.15,6785.81,57.94,0.00,53.67,67.09,5.23,0.55,0.78,93.07,3.78,51.65,2460.07,100.84,7.78,23.52,3.69,122.82,34.18,70.83,10623.73,62.34,37.24,18.30,11.52,6.00,0.00,2.12,0.69,2.88,5.72,3.34,378.92,0.27,3.11,222.92,164.62,8.87,46.56,23.62,1.34,5.41,5.28,2.09,1.75,13.43,13.58,31.50,0.00,3.71,84.37,8.34,3.26,24.68,28.61,11.18,1.69,8.78,9.67,3.96,0.00,48.33,1.60,0.65,1.56,0.79,0.73,2.11,5.36,0.57,27.41,2.62,1.27,6.68
FL 05-85,2.99,16.19,49.51,38.20,16.84,0.29,0.92,1.35,2200.23,0.77,0.00,18.63,19.59,0.80,0.00,0.00,7.83,0.77,38.42,1335.24,16.88,3.60,1.89,1.55,44.35,29.89,48.80,6670.12,62.99,16.56,5.82,0.00,3.66,1.92,1.18,0.00,0.00,2.22,1.24,177.86,0.04,0.77,5.05,12.41,3.57,16.86,19.32,0.26,3.35,0.46,0.00,0.50,0.43,2.92,8.75,0.00,0.76,52.49,2.43,2.58,3.56,0.95,1.61,0.07,3.02,0.64,0.79,0.00,3.64,2.38,1.17,0.00,2.79,0.45,0.59,2.93,0.63,7.63,1.34,0.25,3.00
ELYANA,4.50,4.93,78.80,37.39,13.28,0.45,1.30,0.51,1421.77,9.32,0.00,28.59,22.24,0.81,0.00,0.58,28.04,0.71,27.79,1697.01,125.28,8.61,0.46,1.23,67.71,16.46,61.71,6379.28,0.00,5.18,19.43,5.21,19.90,2.68,2.40,0.89,0.95,6.03,2.47,352.17,0.22,1.33,132.18,75.36,2.66,109.46,5.94,0.27,22.42,2.51,11.87,0.35,5.80,5.86,12.72,0.28,0.28,62.28,4.67,2.50,19.10,0.00,1.00,1.21,103.40,1.52,1.15,0.00,397.54,2.93,5.24,60.26,2.25,46.44,5.57,4.56,0.70,30.63,185.71,29.36,1.93
FESTIVAL,5.44,8.33,73.41,44.96,36.26,0.31,12.14,1.54,3299.73,1.34,0.00,26.05,22.17,0.82,0.00,0.62,16.59,0.77,27.39,2417.33,15.42,10.18,2.67,0.79,78.32,17.34,39.96,7562.82,9.99,3.15,6.91,0.00,19.22,0.00,4.07,1.85,0.15,3.86,0.00,287.17,0.11,1.68,38.21,96.71,4.64,25.58,16.58,0.24,8.24,1.30,0.00,0.49,1.07,4.32,11.44,0.00,0.46,43.26,2.62,3.28,4.86,10.50,10.41,0.63,5.39,1.47,1.02,0.00,21.95,5.77,1.35,0.90,3.21,0.84,1.53,5.00,1.63,43.41,33.67,1.47,3.11
RED MERLIN,5.79,25.70,70.43,53.34,9.57,0.49,0.73,1.01,1458.22,0.09,0.00,27.83,30.33,1.37,0.00,0.83,5.81,3.01,44.16,1428.52,5.76,2.78,1.28,0.50,18.79,20.54,37.44,9479.61,124.13,51.99,1.51,17.53,1.42,0.00,0.00,0.00,0.81,3.18,6.79,141.67,0.28,0.28,0.00,4.79,3.78,16.14,35.49,0.52,2.52,0.00,0.00,0.59,0.39,3.73,3.25,0.00,2.11,40.05,2.28,2.07,6.98,0.63,1.24,0.13,0.49,3.84,0.91,0.00,0.21,0.00,0.56,0.00,0.34,6.79,0.00,2.30,0.00,0.00,0.00,0.00,0.27
SAN ANDREAS,4.05,12.79,84.07,36.08,6.94,0.33,1.85,1.57,2394.10,0.73,0.00,27.68,26.12,0.89,0.00,0.14,9.56,0.91,30.97,2132.07,56.15,2.93,2.75,0.58,145.41,13.53,32.41,6926.46,30.73,0.87,14.24,25.41,4.41,0.91,4.42,0.39,0.44,3.12,17.54,167.24,0.11,1.34,23.64,73.49,2.03,28.01,12.68,0.31,12.90,1.56,0.00,0.70,1.09,7.67,29.67,0.00,1.39,137.52,3.64,2.37,9.74,3.48,0.87,0.65,1.25,0.06,0.55,0.00,7.00,1.64,0.26,0.18,0.23,83.49,0.51,3.63,1.47,46.87,3.77,0.00,3.57
ALBION,3.68,17.27,56.84,60.08,0.94,0.51,3.96,5.49,3152.61,2.44,0.00,23.52,26.38,7.71,0.39,0.00,37.70,0.22,37.58,1821.58,41.43,1.71,5.54,0.00,77.97,1.73,57.55,7974.22,29.04,39.47,21.04,22.86,1.54,0.56,1.61,2.66,1.10,2.73,8.36,56.88,0.71,1.06,15.39,14.48,2.58,16.58,20.08,0.02,1.13,0.44,0.00,1.22,1.45,5.27,3.65,0.00,1.07,168.45,3.63,1.44,5.62,1.43,1.55,0.35,2.62,8.36,0.51,0.00,1.69,0.00,0.46,1.13,0.41,6.56,0.24,3.99,2.54,12.49,0.00,0.00,1.57
CHARLOTTE,2.51,24.09,22.75,56.44,0.97,0.68,3.16,5.37,2692.37,0.69,0.00,12.17,15.75,20.17,2.30,0.00,249.23,0.21,42.06,2065.13,25.67,1.24,2.45,0.00,25.47,0.90,73.71,9785.12,45.12,52.15,55.52,10.44,0.00,3.15,0.00,0.00,1.43,3.02,7.78,18.26,0.60,0.39,0.66,3.59,7.31,21.39,35.79,0.15,0.20,0.01,0.00,0.38,0.28,4.46,13.69,0.00,1.67,34.07,3.20,1.68,2.93,0.90,1.71,0.11,1.15,3.84,0.67,1.46,0.00,0.00,0.40,0.49,0.41,0.37,0.00,3.89,0.00,0.00,0.00,0.00,0.83
FESTIVAL,2.54,6.47,54.11,42.49,28.77,0.30,17.27,2.21,2086.02,0.72,0.00,21.77,19.00,0.91,0.00,0.00,15.11,0.42,38.02,1860.14,8.18,10.28,3.05,0.00,47.69,40.71,29.66,6793.29,7.10,7.25,4.86,9.07,0.38,5.51,2.02,2.04,1.21,3.71,1.56,170.82,0.93,1.59,8.76,80.61,0.83,13.84,13.77,0.22,0.00,0.00,0.00,0.66,0.28,2.70,5.25,0.00,0.88,30.15,1.31,1.68,3.57,2.31,2.28,0.68,2.49,2.44,0.60,0.00,4.43,0.97,1.32,0.42,2.07,0.00,0.29,3.30,1.09,6.07,1.99,0.00,0.92
MARA DES BOIS,2.85,6.08,16.80,44.40,7.76,0.36,30.38,6.69,2145.67,0.16,0.00,8.74,9.58,7.44,0.00,0.00,11.96,0.44,20.80,2687.64,52.54,3.18,0.79,0.00,18.25,17.06,47.31,6226.18,21.80,29.18,8.81,7.36,0.51,2.94,6.53,1.41,1.05,4.22,4.08,240.92,1.15,1.05,51.57,295.46,4.55,32.49,23.27,0.00,2.16,0.00,0.00,0.35,1.81,4.22,9.85,0.00,0.13,21.64,2.85,3.05,4.13,12.55,5.77,6.07,22.76,4.30,1.42,4.74,28.14,2.30,1.73,4.34,2.49,0.00,0.56,3.40,0.00,0.88,7.36,1.55,1.43
MONTERREY,4.31,10.29,31.57,33.43,0.97,0.40,9.68,8.76,2820.74,1.11,0.00,18.24,13.37,4.28,0.15,0.00,46.02,0.57,31.73,1814.15,220.76,2.07,4.01,1.44,151.12,26.91,41.23,6568.59,10.41,20.52,25.30,106.05,1.90,0.53,3.90,0.23,0.59,3.83,34.43,55.08,2.44,1.40,55.74,26.33,7.79,104.68,50.34,0.12,3.69,1.72,1.06,0.45,1.21,16.37,40.26,0.00,1.51,133.91,5.54,3.33,30.29,6.93,2.81,0.62,67.70,0.62,1.08,0.00,46.32,0.45,28.72,13.36,1.00,0.00,0.40,5.11,2.04,3.32,8.36,3.97,0.14
ALBION,1.28,30.45,285.21,60.16,0.86,0.43,1.37,0.46,5282.14,17.61,0.00,42.60,39.14,2.63,2.42,0.00,52.19,2.12,37.27,3184.80,409.81,3.65,7.20,0.00,378.13,0.00,49.12,9284.85,51.62,45.45,12.53,3.34,21.56,0.44,4.57,6.79,7.65,5.60,1.04,189.25,0.42,3.53,1123.40,49.89,5.17,199.02,11.15,11.52,18.50,18.17,15.65,2.45,12.32,9.73,22.76,5.45,12.98,423.84,11.40,1.91,7.51,72.87,6.97,0.15,30.97,6.70,1.49,0.00,263.31,13.27,2.56,22.86,1.24,346.93,4.53,7.67,8.11,214.55,36.92,12.37,28.69
FESTIVAL,2.54,22.81,127.22,45.34,10.28,0.33,10.39,2.26,3598.18,3.83,0.00,45.86,38.23,2.07,2.08,1.88,5.82,1.40,40.51,2808.47,37.47,7.29,10.51,0.00,72.25,31.48,30.28,8842.99,41.84,28.56,6.77,7.29,6.08,7.63,11.41,3.83,2.87,2.60,1.76,232.02,0.42,2.49,57.18,169.83,4.07,31.69,14.33,1.89,6.57,7.21,1.23,2.19,4.81,7.08,12.05,2.52,3.63,104.29,5.26,1.93,3.57,8.17,8.39,1.06,6.29,4.95,1.70,0.00,17.42,1.71,0.70,1.05,1.07,2.62,1.23,6.13,8.09,149.32,7.95,1.92,14.55
MOJAVE,1.54,24.83,178.58,47.28,6.21,0.34,5.51,3.11,2466.44,9.28,3.01,46.72,38.37,0.75,2.49,4.11,24.61,3.88,41.01,2629.55,187.78,6.08,5.64,2.39,116.93,0.00,44.42,9099.23,22.29,31.51,17.83,9.45,25.96,0.07,5.99,4.63,4.20,6.57,2.23,238.63,0.46,1.33,154.43,83.49,4.98,257.91,33.53,1.83,12.54,12.07,3.87,1.94,5.12,7.95,3.34,2.94,3.22,63.18,5.66,2.19,15.81,42.52,6.27,0.51,80.78,7.34,2.02,0.00,234.85,1.99,10.78,60.69,0.60,191.40,2.35,3.91,0.00,7.36,94.19,14.57,13.45
PROPRIETARY 3,2.89,19.12,152.65,37.17,0.99,0.47,3.73,1.66,1867.96,19.82,0.00,48.04,56.50,2.28,3.49,6.08,118.31,1.98,52.62,1535.05,14.32,4.49,3.28,1.45,25.61,0.00,43.21,9279.66,21.62,27.14,29.70,15.82,3.90,2.12,0.00,0.00,1.70,3.25,2.87,314.38,0.00,1.54,0.00,26.63,3.17,12.46,8.46,0.10,1.95,2.51,0.79,2.36,0.97,9.67,8.86,0.24,7.00,240.74,5.66,1.84,4.24,0.12,0.00,0.25,3.93,2.45,1.63,0.00,3.46,0.00,0.28,0.94,0.48,1.68,0.00,3.04,1.54,38.63,0.00,0.00,8.54
CHANDLER,0.00,0.00,72.32,55.09,0.00,0.00,13.19,2.45,1632.05,25.54,0.00,14.25,14.46,1.48,1.81,0.00,31.30,0.00,15.83,1147.02,86.61,3.85,4.31,57.10,16.80,0.00,18.62,3794.92,192.46,640.91,70.63,37.55,8.35,0.00,5.75,6.36,0.00,5.35,11.86,292.32,2.71,3.73,24.68,19.38,6.85,78.72,35.84,0.00,4.86,5.20,1.94,0.00,0.24,0.00,19.73,0.00,1.56,35.92,4.09,3.56,24.18,11.30,4.21,0.00,27.23,7.61,0.00,0.00,61.48,0.00,17.51,37.20,0.00,78.79,2.89,9.81,12.92,17.26,37.41,7.02,6.85
FESTIVAL,6.76,8.94,169.03,49.64,17.63,0.52,85.37,4.05,2345.75,4.16,8.28,34.40,38.15,0.78,0.24,3.81,6.84,1.11,30.83,2550.02,30.00,7.41,7.24,1.15,83.83,26.84,29.68,5682.02,68.17,31.73,18.12,13.62,15.73,20.02,8.67,20.14,4.82,4.61,1.78,180.57,0.60,5.05,45.17,137.24,4.08,21.52,4.00,1.26,7.46,7.27,1.56,2.64,3.81,14.54,29.45,0.00,1.72,56.24,6.46,2.51,4.69,9.36,5.43,0.00,4.85,6.77,2.35,0.00,31.08,7.18,1.72,2.75,1.44,2.62,2.22,8.36,9.62,141.27,11.47,1.50,9.55
FL 09-127,3.99,11.26,124.77,40.68,3.03,0.56,7.01,3.68,2258.78,11.27,8.69,22.75,24.14,2.37,0.00,5.34,23.09,0.92,25.16,1783.23,81.55,3.58,1.70,1.32,76.41,10.43,24.94,4505.45,141.04,94.68,28.80,19.00,40.87,1.18,9.99,15.20,3.48,4.31,6.10,374.19,0.58,2.65,149.77,208.16,4.76,113.53,12.46,1.13,11.33,11.65,3.48,2.20,6.39,11.81,40.36,53.62,1.37,67.05,5.48,2.78,9.04,30.03,5.84,8.93,33.80,17.13,1.84,0.00,94.26,3.87,3.33,30.92,0.97,147.96,2.35,7.21,9.66,159.47,36.55,8.65,4.99
TREASURE,4.75,17.36,169.34,60.87,0.76,0.46,6.29,7.97,2835.56,27.56,4.59,38.09,45.42,2.51,0.00,1.71,41.09,1.85,31.76,3463.96,99.09,2.18,4.99,5.05,148.23,27.36,42.91,8905.78,65.42,45.06,42.31,30.94,49.17,4.63,11.36,5.65,7.85,5.04,6.91,99.88,0.97,2.65,77.25,322.38,6.17,77.52,10.99,0.91,6.30,7.51,4.95,4.40,9.49,16.01,33.65,11.39,1.88,67.90,8.36,2.63,8.43,13.65,4.71,5.39,16.21,8.39,2.95,0.00,35.23,1.29,3.63,15.68,0.98,5.18,1.32,6.34,3.64,39.48,5.72,1.15,26.32
WINTER DAWN,4.88,13.48,123.57,35.94,7.94,0.30,9.99,5.08,3286.53,3.75,7.24,35.87,32.17,4.82,0.00,3.63,26.29,1.60,33.38,7116.18,29.42,9.09,10.55,0.60,82.02,51.73,29.56,7942.89,40.06,16.40,22.80,21.51,23.76,0.33,5.67,3.31,4.49,6.54,4.52,188.53,0.74,1.87,4.05,280.32,6.10,69.31,17.19,0.55,5.07,6.15,2.42,3.66,3.41,13.35,4.56,25.43,1.13,51.47,5.20,2.55,8.94,1.67,0.68,6.25,10.41,4.20,0.70,0.00,4.73,0.69,0.00,0.00,0.50,1.67,0.42,7.76,7.92,72.49,0.00,0.00,4.43
PROPRIETARY 5,1.73,23.17,73.39,45.18,1.33,0.63,8.31,5.44,1015.51,4.39,0.00,20.95,23.26,6.98,6.10,4.85,68.34,1.04,34.88,1072.17,6.53,2.05,2.45,0.58,1.59,2.51,30.68,6107.65,125.08,62.48,32.81,7.45,6.71,2.55,1.07,1.70,2.07,4.40,0.65,128.06,1.07,2.55,0.00,55.45,8.31,23.48,27.35,0.27,1.20,1.85,1.99,3.00,2.44,9.29,11.72,3.61,2.27,112.00,4.44,2.41,9.79,0.60,1.20,0.00,2.93,7.75,1.80,0.00,0.63,0.00,0.00,2.45,0.65,5.68,0.00,3.36,9.46,26.46,0.00,0.00,1.54
ALBION,2.42,17.20,165.96,56.03,1.09,0.39,12.04,12.25,4113.08,22.53,3.00,38.89,41.84,5.46,0.69,0.00,31.52,3.34,25.09,4951.49,363.88,3.62,12.46,1.30,131.19,9.34,32.39,7047.18,39.00,19.46,39.82,16.87,21.29,1.83,18.47,5.24,5.89,8.66,4.74,228.08,1.34,5.12,121.60,369.10,8.16,90.75,58.32,0.94,7.46,6.77,7.26,3.65,5.74,18.44,14.10,8.28,8.69,400.74,7.71,2.96,15.31,9.56,4.68,4.31,41.16,13.97,1.70,0.00,36.23,4.45,3.43,14.25,0.74,148.43,1.42,7.26,11.56,213.01,11.52,2.14,16.53
FESTIVAL,2.38,12.33,92.75,45.20,13.01,0.38,13.57,4.07,2934.78,3.68,2.31,33.58,32.70,1.33,0.31,7.32,8.55,2.52,36.49,1813.61,41.12,6.99,8.83,0.69,35.09,0.00,21.13,5568.16,54.29,44.71,14.72,12.89,7.41,7.73,8.18,3.35,3.17,4.87,1.42,230.09,0.50,2.99,17.64,68.25,4.41,22.63,13.67,0.16,2.79,3.16,1.23,2.97,3.08,8.71,4.75,1.81,3.28,83.51,4.40,1.71,3.92,5.40,4.30,0.00,2.70,3.00,1.78,0.00,6.15,0.97,0.88,0.98,0.69,1.24,0.67,3.89,8.09,86.59,2.24,0.79,5.33
RUBYGEM,2.18,9.69,88.93,32.68,6.87,0.36,5.00,9.65,1490.23,4.94,7.61,31.02,24.67,2.72,0.61,1.60,10.32,2.25,37.88,1787.67,51.62,4.24,1.26,1.01,28.61,15.82,34.85,6866.30,88.57,30.28,20.33,18.43,26.20,2.28,8.87,2.52,4.80,4.56,6.54,229.35,0.68,3.43,16.65,19.26,5.78,32.27,19.21,0.61,3.46,2.97,1.54,2.41,2.89,6.13,11.73,5.31,3.64,97.91,4.73,1.83,5.61,3.16,3.26,0.00,13.94,7.10,2.19,0.00,22.67,1.71,2.07,4.63,0.79,38.39,1.26,4.08,8.35,113.35,8.64,1.86,2.29
CAMINO REAL,4.37,21.96,124.47,74.08,1.28,0.33,6.12,3.84,3523.27,8.22,4.74,38.54,33.73,2.13,2.19,4.37,12.57,5.59,42.43,1745.53,249.11,4.03,9.53,2.27,90.14,5.21,29.27,8227.17,343.94,305.02,43.57,26.48,36.58,10.02,7.75,6.03,7.48,6.92,1.71,175.99,0.67,2.74,176.93,90.81,9.88,95.76,34.36,1.20,4.36,4.93,2.43,2.18,5.25,8.16,24.39,4.96,6.59,244.74,11.06,3.32,26.05,30.87,12.77,2.93,29.70,6.58,1.06,0.00,95.34,2.58,1.63,6.41,0.82,84.65,2.68,5.73,9.55,52.50,15.73,6.48,4.50
DARSELECT,3.52,13.89,95.15,61.92,10.81,0.35,15.98,7.32,2364.50,4.40,3.79,31.10,34.71,2.25,2.73,0.00,106.70,3.44,29.37,1709.95,94.53,7.74,2.20,3.33,53.48,2.40,21.39,5078.91,199.40,156.00,65.91,25.44,31.19,9.20,9.79,5.47,5.80,6.21,4.45,636.03,0.55,3.70,31.04,300.87,15.43,206.81,74.77,0.56,10.86,11.55,6.35,3.11,7.25,26.02,69.41,8.77,5.87,153.20,9.67,3.57,8.36,26.13,10.14,8.35,117.92,3.75,2.02,0.00,100.59,1.55,19.94,191.41,0.44,292.66,1.32,5.90,8.18,138.07,119.27,5.83,10.60
FESTIVAL,3.03,13.51,123.50,58.09,19.21,0.37,4.04,2.94,4106.50,5.37,3.28,41.77,40.98,0.97,2.40,1.71,15.45,2.68,38.93,2200.20,34.84,9.19,9.93,1.42,95.80,18.20,29.11,7786.50,80.28,24.65,10.18,20.16,13.58,24.21,7.96,5.89,5.28,5.45,3.02,348.91,0.44,3.85,80.27,103.95,7.18,36.66,42.17,1.06,8.61,9.71,2.80,3.82,5.11,13.06,23.72,4.68,4.89,90.93,9.72,3.18,4.63,12.22,22.46,4.80,11.58,6.02,2.93,0.00,23.30,5.14,0.89,2.03,0.87,1.81,1.57,6.35,9.80,116.93,6.07,1.64,8.30
SWEET ANNE,3.09,18.63,97.14,57.22,0.94,0.35,2.00,3.01,1057.63,17.98,0.00,26.02,34.44,0.65,2.90,1.49,20.57,3.31,35.49,1414.31,14.63,1.59,1.91,2.73,31.91,0.00,34.24,6743.07,202.27,103.18,31.91,21.50,12.75,3.51,2.77,2.91,4.03,3.15,1.53,174.94,0.46,4.08,6.84,74.49,11.22,45.04,108.16,0.31,4.08,4.90,2.50,3.14,4.05,7.61,21.36,1.81,7.21,482.77,14.43,2.78,6.13,2.39,3.86,4.12,7.78,4.40,1.28,0.00,8.95,4.14,0.65,4.57,0.57,49.75,0.48,5.31,8.71,144.53,3.85,0.00,4.81
BENICIA,4.92,18.17,126.58,48.57,2.43,0.49,7.05,7.95,846.65,27.36,0.00,31.46,38.14,1.16,3.66,3.53,37.61,2.67,33.13,2034.26,30.35,2.17,0.93,4.47,28.82,0.00,41.19,7511.25,90.63,49.89,50.04,17.87,8.60,1.77,4.03,3.16,2.06,1.80,4.66,67.54,0.29,2.93,8.67,88.83,8.24,39.25,71.59,0.23,2.15,3.34,2.55,4.36,4.48,15.11,8.58,5.87,3.65,330.32,6.09,2.99,32.97,2.82,2.86,4.39,8.61,12.14,1.26,0.00,5.09,0.84,0.00,5.29,0.74,39.34,0.00,4.40,6.02,82.87,1.30,0.00,1.37
FESTIVAL,1.65,16.80,137.48,45.84,15.87,0.45,14.91,1.97,5497.45,4.31,6.00,40.58,40.70,1.15,2.14,4.04,16.74,1.44,31.66,2488.31,28.35,19.44,16.18,1.53,110.91,34.49,28.58,7174.23,46.44,18.20,10.35,14.22,9.75,24.04,7.39,7.76,3.46,5.75,2.42,485.44,0.25,2.59,64.12,187.23,4.76,33.82,26.46,0.69,10.91,10.75,1.62,3.28,3.86,13.33,13.74,3.41,1.96,99.14,5.59,1.86,4.42,11.81,12.66,5.25,9.94,6.79,2.06,0.00,19.59,3.97,0.93,1.09,0.79,1.36,1.05,5.74,5.50,123.21,6.69,1.20,6.86
FL 06-38,2.34,8.49,99.57,41.34,5.86,0.50,36.13,4.49,3388.37,8.82,5.46,28.41,30.56,2.98,2.76,1.72,46.76,0.80,23.04,4253.17,74.97,8.20,3.98,1.49,95.51,19.15,32.62,5635.20,29.72,18.85,28.26,15.98,15.06,8.08,10.63,11.27,4.85,5.47,2.71,614.15,0.38,2.97,99.72,726.88,6.26,76.37,20.62,0.79,17.63,18.23,6.27,5.46,10.22,23.82,56.32,5.40,2.90,222.58,5.48,2.10,19.64,22.97,5.08,13.66,28.08,10.22,1.88,0.00,55.04,6.14,1.79,18.44,0.66,150.70,2.24,5.80,5.01,244.90,30.12,6.10,10.15
PORTOLA,2.97,12.93,84.00,46.70,0.92,0.39,2.45,2.09,906.65,4.63,0.00,24.38,27.04,3.48,2.96,2.21,26.48,2.25,37.86,1136.90,13.07,2.96,2.42,2.74,22.42,2.54,32.99,6446.74,70.78,33.47,16.91,16.44,6.16,2.07,1.49,1.10,2.92,1.99,8.54,117.55,0.33,1.46,0.80,60.21,3.44,15.41,18.08,0.10,9.68,1.97,1.76,3.50,2.04,9.49,1.89,0.08,2.27,27.05,3.52,2.17,1.79,1.18,0.85,6.16,8.62,2.74,1.20,0.00,4.51,0.24,2.12,2.10,0.41,1.42,0.00,3.90,1.86,8.16,1.79,0.00,0.97
VENTANA,2.34,14.90,86.79,42.35,6.89,0.30,3.16,3.25,1621.23,10.34,0.00,22.81,27.23,2.77,1.90,2.69,82.27,2.10,36.30,1465.00,8.78,2.84,2.52,4.00,20.85,7.94,43.56,7835.52,95.77,42.06,36.12,26.96,12.71,2.79,1.98,1.48,3.15,2.97,13.61,164.55,0.18,0.58,0.00,34.29,3.77,18.52,36.37,0.11,0.74,2.27,1.84,3.37,2.41,9.32,1.54,1.05,4.40,86.68,6.13,1.06,21.96,1.13,1.42,2.32,3.62,6.36,1.30,0.00,1.90,0.00,0.00,0.58,0.38,9.54,0.00,3.67,0.63,13.54,0.00,0.00,1.49
PROPRIETARY 6,2.43,18.24,107.74,36.96,0.73,0.34,16.80,6.10,4699.23,9.97,4.16,29.63,33.41,12.01,0.80,1.97,55.48,1.56,39.94,2016.30,22.01,7.95,17.24,1.47,61.53,5.60,38.31,7167.81,41.61,16.78,22.10,10.68,12.49,1.76,3.46,5.21,3.56,5.66,3.48,749.40,0.98,2.37,24.79,350.70,12.25,20.91,24.32,0.55,6.67,6.48,1.74,3.05,4.88,8.31,25.05,2.14,0.85,79.76,6.73,6.80,12.26,6.93,3.02,9.47,13.97,4.01,2.24,0.00,16.72,2.24,0.76,1.23,0.61,37.57,2.17,4.48,9.08,10.59,3.28,0.96,3.16
EVIE 2,2.86,13.59,32.40,26.15,2.97,0.30,6.92,8.10,1637.05,3.07,0.00,12.07,12.40,3.55,0.88,2.71,91.64,3.00,35.18,1542.68,62.24,2.92,1.83,0.60,13.66,0.55,29.31,6490.12,58.24,30.52,58.37,14.78,6.49,2.95,3.68,1.62,2.64,3.40,2.46,167.41,0.36,1.25,22.57,43.48,5.70,29.09,4.82,0.14,1.81,2.69,4.11,1.91,4.32,5.86,19.66,0.99,1.71,69.84,3.64,5.20,10.43,4.18,0.78,0.95,13.53,5.97,1.37,0.00,21.55,0.00,2.51,34.44,0.27,33.27,0.99,4.03,7.36,18.05,7.59,1.57,6.93
FESTIVAL,2.22,8.39,40.63,22.96,9.45,0.20,11.82,2.17,3000.85,2.87,4.13,15.38,14.13,1.21,0.21,2.96,21.41,1.64,21.54,1323.32,11.83,12.99,5.91,0.42,61.16,13.69,17.27,3810.95,24.98,9.77,8.38,9.84,2.06,9.80,5.19,2.93,1.05,4.97,1.18,235.34,0.00,1.87,19.02,52.54,1.61,8.42,3.22,0.38,4.34,3.88,0.25,1.65,1.26,3.28,6.69,0.00,0.94,24.57,1.34,2.31,1.29,3.00,2.26,0.82,1.75,2.29,0.72,0.00,6.94,2.48,1.11,0.88,1.07,0.81,0.72,3.48,2.63,42.61,2.80,1.03,3.20
GALLETA,2.27,15.38,96.12,32.99,0.79,0.35,1.96,2.25,3583.31,8.68,6.12,24.28,27.34,1.66,0.09,8.54,40.76,3.89,29.33,1767.37,59.57,2.80,2.80,0.93,61.72,18.29,40.42,7798.82,79.02,26.33,16.01,10.89,12.47,3.45,7.97,1.27,4.01,3.07,0.82,144.95,0.39,3.04,88.84,62.31,6.66,37.24,8.68,0.52,2.33,2.99,5.55,3.54,4.73,21.08,47.33,1.96,2.47,218.27,6.18,4.11,2.97,11.96,4.40,1.79,6.70,13.64,0.68,0.00,37.60,0.00,2.73,14.06,0.79,25.34,1.06,5.49,6.97,46.93,3.75,2.09,2.01
SWEET ANNE,1.18,7.39,35.24,17.43,0.42,0.00,0.35,1.15,1509.83,7.67,0.00,10.30,12.47,1.42,0.16,1.20,29.53,1.94,25.54,1153.26,12.57,1.75,0.94,1.74,40.88,0.00,22.51,4795.75,30.21,15.95,23.61,15.38,4.26,1.63,1.35,0.31,1.96,1.47,2.32,101.93,0.00,2.02,7.92,17.87,2.14,5.68,3.47,0.10,1.98,2.62,1.16,1.77,2.26,7.41,21.61,0.00,7.17,295.85,4.04,3.42,4.24,2.02,0.61,1.70,3.25,2.76,0.45,0.00,4.33,8.38,0.73,1.41,0.90,32.10,0.65,5.66,3.19,89.97,2.20,0.42,3.75