1.05,7.2,3.79,4.79,0,0.11,0.33,4.46,0.94,1.92,0.03,0.09,1196.56,4345.51,355.57,190.77,0,0.72,0.9,0,0.08,0,0.32,0.42,2.42,0.01,1.54,0,4.27,0,0,0.79,1.87,0.13,0.5,36.42,0.74,0.21,0.71,0.42,1.42,0.7,1.63,0.38,0.11,0,2.32,1.78,0.14,1.27,0,0
1.4,8.31,3.56,4.32,0,0.43,0.55,3.73,0.7,2.32,0.08,8.7,907.13,5165.84,401.18,254.44,0,1.35,0.53,0.22,0.26,0.05,0.43,0.33,2.54,0.16,1.42,0,10.75,20.05,0,4.94,10.63,0.42,4.79,16.18,0.69,0.18,3.38,0.05,0.38,0.61,1.94,1.39,0.11,0.14,3.3,5.46,1.65,0.66,0,0.31
0.82,5.27,21.69,4.53,0,0.13,0.59,3.05,0.87,1.21,0,7.65,1058.29,3146.05,358.01,166.66,0,1.61,0.35,0.28,0.05,0,0.07,0.37,1.53,0,0.04,0,1.92,5.78,0,0.43,3.29,0.07,0.32,10.86,0.26,0.29,1.41,0.01,0.11,0.39,0.52,0.11,0.05,0,0.66,2.08,0.15,0.2,0,0.22
0.85,5.25,5.87,4.2,0,0.2,0.24,2.12,1.23,1.52,0.02,43.87,1380.1,4123.45,390.25,245.92,0,2.62,0.49,0,0.09,0,0.46,0.33,12.18,0.15,3,0,6.63,0,0,4.22,1.26,0.2,1.62,21.46,0.25,0.18,0.46,0.25,0,0.18,0.03,0.85,0.09,0.42,14.76,4.74,0.81,1.5,0,0.12
1.82,7.33,6.88,7.47,0,0.36,0.5,4.93,1.53,1.67,0.16,216.42,1766.28,4999.2,290.46,226.99,0,0.78,1.02,0,0.25,0,0.31,0.65,5.21,0.12,1.96,0,7.46,0,0,2.51,1.92,0.07,0.34,10.41,0.89,0.2,0.69,0.17,0,0.55,1.67,0.05,0.06,0,1.52,1.65,0.83,0.41,0,0.17
1.76,5.28,0.77,4.83,0,0.04,0.99,2.3,0.81,1.36,0.03,6.67,1379.83,3488.36,272.86,165.15,0,1.69,0.78,0.21,0.21,0,0.1,0.5,1.31,0,0,0,2.1,5.75,0,0,0.21,0,2.25,2.9,0.72,0,0.15,0,0.21,0.26,0.87,1.67,0.06,0.07,2.14,4.64,0,0,0,0
0.77,5.06,3.69,5.95,0,0.08,0.2,3.54,2.39,1.27,0.01,0.15,1166,3426.35,172.85,121.11,0,1.51,0.75,0,0.05,0,0.36,0.23,1.76,0,0.64,0,0,1.55,0,0.37,0.72,0.05,0.24,18.33,0.03,0.04,0.18,0.31,0.29,0.4,0.72,0.27,0.05,0.08,1.77,1.17,0.07,0.37,0,0.03
1.14,7.93,2.58,6.5,0.24,0.55,0.53,3.68,2.69,2.14,0.09,5.69,1014.14,4856.85,360.71,228.86,0,2.33,0.53,0.22,0.24,0.02,1.05,0.53,2.22,0.04,1.07,0,8.78,15.84,0,5.19,8.72,0.17,4.13,15.27,0.44,0.62,2.45,0.4,0.25,0.75,1.54,1.19,0.05,0.21,3.99,4.98,1.65,0.59,0,0.35
0.83,5.86,6.08,7.55,0.01,0.13,0.47,3.95,1.93,1.36,0.16,7.13,1475.54,4031.57,273.87,143.28,0,3.02,0.79,0.35,0.07,0,0.65,0.5,1.76,0.47,0.43,0,2.48,6.55,0.01,0.48,4.14,0.07,0.57,8.87,0.61,0.13,1.09,0.62,0.36,0.64,0.91,0.1,0.11,0.03,0.33,1.85,0.19,0.18,0,0.15
0.94,5.62,3.7,6.55,0,0.21,0.12,2.38,2.41,1.29,0.14,29.02,1680.9,4345.35,332.59,223.61,0,5.03,0.77,0,0.27,0.02,1.76,0.59,9.84,0.14,4.24,0,0,6.98,0.06,4.45,1.05,0.21,1.66,17.97,0.51,0.18,0.93,0.62,0.1,0.18,0.08,0.53,0.1,0.4,12.49,5.43,0.73,2.26,0,0.36
1.48,4.92,3.59,6.94,0,0.21,0.18,3.42,1.64,1.01,0.03,134.3,1435.54,3832.78,162.7,152.34,0,1.78,1.06,0,0.05,0.01,0.89,0.72,4.54,0.13,1.77,0,0,4.33,0,3.81,1.59,0.12,0.36,11.74,0.48,0.16,0.65,0.74,0.06,0.37,1.27,0.09,0.13,0.04,1.22,1.88,0.96,0.5,0,0.2
1.74,4.63,0.4,5.99,0.07,0.06,0.77,2.45,1.58,1.12,0.24,3.72,1683.21,3580.06,192.22,132.62,0,4.22,0.72,0.22,0,0,0.54,0.99,1.05,0.26,0.36,0,2.73,5.31,0.02,0.05,0.4,0.06,2.95,2.73,0.32,0.01,0.26,0.47,0.09,0.34,0.55,1.85,0.1,0.09,2.29,4.83,0,0.14,0,0.05
0.54,5.16,0.2,5.29,0,0.07,0.3,3.9,1.19,1.21,0.02,0.69,1432.94,3513.2,256.41,171.7,0.01,0.73,0.82,0,0.05,0,0.82,0.4,1.97,0.24,1.43,0,3.81,0,0,1.24,1.17,0.08,0.64,28.21,0.36,0.16,0.38,0.19,1.11,0.62,1.33,0.38,0.12,0,1.65,1.3,0.2,1.23,0,0
0.81,5.03,0.24,3.91,0.15,0.37,0.48,3.29,0.8,1.25,0.05,20.01,1280.59,4634.24,150.1,163.51,0,0.65,0.6,0,0.31,0.01,1.05,0.49,2.41,0.17,1.75,0,4,2.63,0,8,5.56,0.14,3.27,13.79,0.82,0.44,0.99,0.06,0.38,0.5,1.17,0.74,0.04,0.1,2.82,2.68,2.78,1,0,0.12
0.77,4.41,1.07,5.8,0,0.12,0.32,3.29,0.94,0.99,0.06,19.93,1326.75,3186.12,203.03,137.28,0,1.39,0.66,0.29,0,0,0.68,0.3,1.99,0.36,0.42,0,1.31,3.18,0,1.02,3.86,0.1,0.64,10.4,0.56,0.23,0.77,0.16,0.49,0.47,0.66,0.1,0.12,0,0.6,2.1,0.3,0.29,0,0.16
0.54,3.92,0.99,3.81,0.31,0.65,0.08,1.93,0.89,0.92,0.03,183.96,1357.35,3849.27,232.03,200.31,0,4.23,0.54,0,0.18,0,1.81,0.41,10.76,0.45,6.76,0,11.57,0,0,15.59,0.58,0.58,1.54,28.57,0.68,0.24,0.53,0.4,0.05,0,0.08,0.41,0.05,0.36,11.79,3.23,3.44,2.6,0,0.32
1.05,3.71,1.55,5.55,0.06,0.43,0.23,3.04,0.67,0.45,0.3,411.67,1545.88,3848.82,74.05,165.93,0,0.67,0.88,0,0.04,0,0.93,0.74,3.86,0.21,3.98,0,6.76,0,0,7.51,1.28,0.13,0.43,13.23,0.83,0.19,0.4,0.29,0.23,0.35,0.97,0,0.14,0,1.08,1.16,2.63,0.45,0,0.16
1.08,3.22,0,3.97,0,0.04,0.75,1.64,1.09,0.83,0.04,8.92,1790.21,3095.81,125.01,124.56,0,2.73,0.65,0.13,0.13,0,0.56,0.36,1.35,0.06,0.15,0,1.13,2.41,0,0.19,0.47,0.04,2.73,1.76,0.33,0.06,0.15,0.01,0.16,0.2,0.49,1.76,0.08,0.1,2.27,3.45,0,0.18,0,0.04
1.36,7.96,4.81,5.63,0,0.22,0.2,4.71,1.2,2.15,0.08,0.33,1026.22,4026.08,466.92,204.08,0,0.92,0.75,0,0.17,0,0.79,0.61,2.61,0.23,0.65,0,1.73,4.38,0,0.14,0.4,0.25,0.77,16.9,0.61,0.5,1.09,0.17,1.06,0.51,1.04,0.51,0.16,0.08,3.24,2.29,0.18,0.31,0,0.02
0.89,6.51,0.14,3.58,0,0.31,0.31,3.84,0.61,1.92,0.06,6.64,839.12,4668.91,245.53,173.96,0,0.8,0.55,0.23,0.1,0,1.45,0.97,2.71,0.37,1.28,0,6.25,9.28,0.13,4.04,3.18,0.37,3.31,13.95,0.66,0.65,1.84,0.19,0.23,0.41,0.91,1.08,0.18,0.22,3.99,3.62,1.13,0.59,0,0.27
1.63,6.72,0.1,4.54,0,0.1,0.41,3.58,1.09,1.8,0.02,3.59,711.31,3339,330.34,114.56,0,3.16,0.56,0.66,0,0,0.56,0.51,2.08,0.3,0.12,0,5.66,14.32,0,0.33,3.29,0.41,0.59,6.61,0.38,0.49,1.53,0.13,0.38,0.41,0.56,0.16,0.07,0.04,0.94,1.85,0.08,0.12,0,0.83
0.96,6.93,4.58,4.53,0,0.14,0.17,2.08,1.2,1.95,0.01,16.09,1679.1,4640.65,455.63,303.32,0,3.82,0.68,0,0.04,0.02,1.07,0.82,15.31,0.25,2.01,0,4.55,0,0,1.03,1.06,0.11,1.77,12.72,0.5,0.61,1.78,0.09,0.29,0.3,0.1,1.23,0.13,0.49,18.68,7.07,0.34,0.98,0,0.31
2.9,4.71,0.78,5.17,0,0.18,0.19,3.61,0.83,1.21,0.04,82.61,1290.39,4073.93,200.32,154.64,0,0.87,0.79,0,0,0,0.38,0.5,5.44,0.23,0.17,0,2.18,5.03,0,1.06,0.77,0.08,0.26,4.1,0.43,0.27,0.89,0.07,0.04,0.51,1.09,0.22,0.17,0,1.82,1.8,0.16,0.16,0,0.73
2.77,3.44,0,2.43,0,0.03,1.07,1.13,0.44,0.87,0,2.08,791.96,1986.64,284.62,127.43,0,0.89,0.31,0.25,0,0,0,0.37,1.12,0.05,0,0,2.03,7.8,0,0,0,0.14,1.41,0.63,0.18,0.1,0.19,0,0.26,0.08,0.25,1.24,0.02,0.08,2.58,4.78,0,0.03,0,0.06
1.29,5.84,1.99,4.88,0.15,0.09,0.17,5,0.78,1.36,0.26,0.21,907.58,3524.46,283.33,146.06,0,0.5,0.87,0,0.11,0.03,1.15,0.66,2.05,0.09,0.6,0,1.41,3.18,0,0.56,0.32,0.09,0.47,20.82,0.77,0.07,0.46,0.12,1.09,0.21,0.73,0.27,0.06,0,1.99,1.33,0.16,0.23,0,0.02
1.07,5.04,4.64,2.27,0.11,0.43,0.23,3.05,0.6,1.36,0.18,11.86,751.25,3958.72,189.72,121.01,0,0.73,0.77,0.19,0.08,0.08,1.99,0.77,2.49,0.24,1.65,0,4.53,9.55,0,5.6,3.16,0.27,2.69,16.31,0.99,0.35,1.25,0.33,0.57,0,0.72,0.8,0.08,0.14,3.88,3.34,1.36,0.7,0,0.37
1.87,5.18,2.52,3.99,0.22,0.09,0.59,3.18,0.65,1.19,0.17,10.66,691.76,2959,319.16,115.3,0,2.35,0.68,0.53,0,0.05,1.07,0.95,1.64,0.08,0.4,0,4.64,16.48,0,1.04,4.31,0.21,0.64,11.63,0.9,0.31,1.15,0.19,0.44,0.85,0.46,0.1,0.07,0,0.79,1.69,0.18,0.09,0,0.61
1.04,5.26,2.97,4.5,0.2,0.13,0.08,2.22,0.98,1.33,0.15,35.85,1310.42,3943.53,266.34,215.23,0,4.43,0.72,0,0.12,0.08,1.95,0.8,10.81,0.26,3.15,0,6.76,0,0,4.59,1.02,0.29,1.54,21.82,0.59,0.29,0.75,0.54,0.35,0.23,0.16,0.76,0.1,0.35,13.37,5.49,0.61,1.58,0,0.38
1.5,3.87,1,4.31,0.15,0.12,0.12,3.5,0.69,0.89,0.27,19.66,938.49,3623.7,216.85,184.12,0,1.64,0.91,0,0.01,0.05,0.91,0.83,3.91,0.14,0.92,0,4.38,8.91,0,1.05,1.24,0.09,0.7,8.38,0.91,0.23,0.75,0.2,0.21,1.08,1.28,0.12,0.13,0,1.19,1.86,0.23,0.16,0,0.77
3.04,3.3,0,3.04,0.14,0.06,0.03,1.41,0.61,0.75,0.12,5.65,803.68,1647.63,275.75,120.34,0,0.95,0.45,0.25,0.18,0.02,0.33,0.76,0.88,0.02,0.02,0,2.25,7.21,0,0.07,0.03,0.03,1.28,1.96,0.41,0,0.14,0,0.38,0.11,0.18,0.91,0.02,0,1.74,3.52,0,0,0,0.05
0.76,4.88,0,4.02,0,0.05,0.17,4.23,0.83,1.19,0.02,0.02,896.3,3156.01,199.62,111.65,0.07,0.2,0.63,0,0,0,0.06,0.2,1.75,0.07,1.01,0,0,3.17,0,0.47,0.13,0.07,0.44,22.53,0.32,0.19,0.53,0.16,1.68,0.24,0.58,0.29,0.06,0,1.51,1.51,0.09,0.48,0,0.03
0.81,5.61,0.74,4.01,0,0.3,0.32,3.18,1.52,1.64,0.09,7,852.17,4313.24,192.26,133.5,0.11,0.62,0.52,0.18,0.13,0.02,0.39,0.43,2.33,0.18,2.8,0,5.46,10.53,0,8.77,3.64,0.18,2.83,15.3,0.69,0.41,1.27,0.28,0.3,0.26,0.72,0.84,0.11,0,3.74,4.03,2.57,0.96,0,0.53
1.63,5.17,0.27,4.19,0,0.07,0.21,3.34,0.48,1.29,0.04,4.25,944.94,3306.15,186.98,85.96,0.08,1.72,0.63,0.42,0,0,0.18,0.56,1.52,0.12,0.59,0,2.1,5.78,0,0.89,3.54,0.12,0.43,11.83,0.45,0.21,0.7,0.1,0.46,0.29,0.48,0.11,0.02,0,0.55,2.06,0.12,0.21,0,0.42
0.64,4.66,0.23,2.87,0.23,0.24,0.08,1.64,0.57,1.16,0.03,50.42,973.28,2821.44,257.52,166.57,0.21,4.24,0.4,0,0.16,0,0.27,0.58,8.84,0.26,5.26,0,0,7.69,0,6.58,0.32,0.25,0.92,19.88,0.44,0.31,0.77,0.25,0.43,0.16,0.03,0.42,0.03,0.32,9.43,4.51,1.54,1.76,0,0.52
1.52,4.92,0,5.26,0.04,0.28,0.37,3.87,1.92,1.2,0.09,59.65,1031.55,3826.19,240.73,191.51,0.18,1.06,0.82,0,0.04,0,0.3,0.58,2.81,0.02,1.78,0,5.95,8.73,0,2.07,0.87,0.06,0.59,11.28,0.82,0.36,1.05,0.3,0.19,0.66,1.38,0.07,0.05,0,0.84,1.91,0.55,0.39,0,0.58
3.8,3.44,0,3.33,0.08,0.08,1.71,1.77,0.74,0.85,0.04,9.19,1016.58,2141.76,275.95,130.85,0.25,1.19,0.58,0.28,0,0,0.09,0.47,1.12,0.06,0.14,0,1.59,4.48,0,0.08,0.03,0.19,1.75,3.09,0.75,0,0.24,0.07,0.76,0.16,0.28,1.19,0.06,0,2.08,4.47,0.04,0.14,0,0.04
1.11,7.82,4.85,5.21,0.02,0.2,0.15,3.72,0.92,1.56,0.21,0.53,1010.98,3950.6,489.97,183.5,0,0.42,0.94,0,0.06,0,0.75,0.67,1.87,0.06,3.48,0,2.09,5.78,0,0.32,0.7,0.52,0.91,33.22,1.25,0.22,0.82,0.43,1.28,0,0.82,0.46,0.13,0,2.16,2.8,0,0.35,0,0
1.01,7.29,7.1,4.2,0,0.33,0.21,3.27,0.74,1.77,0.02,5.61,953.13,5203.29,220.25,180.68,0,0.45,0.49,0.31,0.17,0,1.22,0.63,1.82,0,3.85,0,8.07,12.15,0,0.92,2.1,0.25,2.96,9.38,0.17,0.44,1.41,0.16,0.26,0,0.81,1.06,0.14,0,3.46,5.01,0.37,0.29,0,0.2
2.74,2.6,0,3.44,0,0.14,0.3,1.91,0.62,0.51,0.01,26.81,844.43,2110.61,282.18,109.06,0,0.13,0.35,0.32,0.09,0,0.98,0.56,1.68,0.06,0.51,0,2.87,8.15,0,0.15,0.45,0.48,0.28,9.26,0.38,0.2,0.92,0.23,0.23,0,0.33,0.06,0.09,0,0.38,1.25,0.02,0.16,0,0.22
0.82,5.82,0.45,4.67,0,0.11,0.06,1.5,0.99,1.43,0,9.19,1226.64,4095.55,301.9,147.01,0,0.7,0.58,0,0,0,4.09,0.73,6.49,0,0.37,0,0.68,1.29,0,0.58,0,0.08,0.87,6.47,0.35,0.22,0.74,0.06,0.17,0,0.05,0.7,0.01,0,9.52,4.64,0,0.31,0,0
0.7,8.55,6.16,6.58,0,0.14,0.14,4.27,1.7,1.73,0.24,70.53,1157.13,4656.22,397.79,146.09,0,0.29,0.68,0,0.02,0,0.74,0.77,3.71,0,0,0,5.6,9.39,0,0.56,1.25,0.01,0.37,6.76,0.79,0.2,1.09,0.29,0.17,0.22,1.32,0.06,0.05,0,1.46,2.87,0.25,0.21,0,0.02
1.01,5.39,0.25,5.45,0,0.14,0.1,4.3,1.32,1.29,0.01,0.07,1131.3,4041.92,342.79,147.25,0.23,1.65,1.05,0,0,0,0.01,0.35,1.7,0.04,0.92,0,0,3.94,0,0.27,0.6,0.09,0.58,29.02,1.09,0.21,0.69,0.34,1.01,0.49,0.63,0.45,0.07,0.06,2.43,2.06,0,0.26,0,0
1.03,7.83,0.71,4.99,0.19,0.24,0.26,4.09,0.52,1.99,0.04,8.09,1066.75,5767.6,156.04,138.07,0,1.88,0.6,0.33,0,0.02,0.37,0.54,2.03,0.01,1.72,0,5.76,8.37,0,4.36,4.34,0.16,2.6,15.14,0.42,0.35,0.93,0.23,0.25,0.53,0.98,0.92,0.05,0.15,3.09,4.9,1.48,0.63,0,0.37
2.52,2.17,0,3.01,0,0.11,0.25,1.67,0.65,0.51,0,35.01,635.78,1778.24,196.21,81.24,0,1.74,0.31,0.22,0,0,0.36,0.35,2.32,0.02,0.26,0,1.73,4.39,0,0.55,0.62,0.28,0.31,11.05,0.25,0.14,0.49,0.32,0.11,0.16,0.16,0.09,0.03,0.05,1.34,1.12,0,0.26,0,0.14
1.18,5.21,0.17,5.39,0,0.07,0.04,1.8,1.35,1.46,0,6.57,1408.63,4318.67,200.46,118.98,0,4.21,0.67,0,0,0,1.73,0.39,7.33,0.05,1.49,0,1.14,1.93,0,3.46,0.53,0.12,1.41,16.99,0.44,0.16,0.52,0.37,0.22,0.23,0.02,1.36,0.03,0.28,10.79,5.37,0.39,0.68,0,0.34
1.56,7.74,1.59,6.74,0.12,0.18,0.19,4.82,1.1,1.72,0.02,124.88,1341.65,4882.09,252.72,137.75,0,1.72,0.87,0,0.01,0,0.08,0.67,2.83,0,2.01,0,0,6.86,0,1.94,1.68,0.07,0.36,14.47,0.44,0.15,0.67,0.33,0.05,0.49,0.78,0.06,0.03,0,1.01,2.24,0.43,0.34,0,0.08
0.84,5.22,0.46,5.28,0,0.14,0.25,5.01,1.18,1.21,0.05,0.99,1432.62,4530.73,399.6,190.58,0.06,0,0.91,0,0,0,0.13,0.93,1.79,0,1,0,0,4.53,0,0.52,0.75,0.12,0.45,29.24,0.78,0.29,0.95,0.31,2.21,0.53,1.02,0.47,0.08,0,2.13,1.91,0.15,0.27,0,0
0.75,4.99,0.55,3.65,0.05,0.5,0.18,3.15,1.09,1.22,0.02,16.21,1271.33,4813.79,109.55,136.44,0,0,0.53,0.25,0.03,0,0.16,0.89,1.71,0.06,1.36,0,3.88,4.25,0,3.19,1.75,0.1,2.01,12.09,0.48,0.25,0.83,0.09,0.85,0.35,0.81,0.66,0.06,0.13,2.55,3.54,1.32,0.6,0,0.31
2.08,1.53,0,3.1,0,0.11,0.23,1.67,0.56,0.37,0.03,38.06,523.33,1465.78,159.61,71.6,2.11,0.02,0.24,0,0.31,0,0.28,0.75,1.53,0,0.18,0,0.76,2.02,0,0.17,0.61,0.14,0.21,7.97,0.24,0.14,0.32,0.1,0.14,0,0.16,0,0.02,0,0.24,0.8,0,0.07,0,0.13
1.23,4.77,0.11,4.74,0.49,0.4,0.05,2.43,0.74,1.15,0.05,99.3,1570.66,4431.08,228.73,156.44,0.02,2.83,0.66,0,0.11,0,1.4,0.59,9.76,0.26,3.74,0,0,5.74,0,7.13,0.72,0.37,1.46,22.32,0.55,0.28,0.58,0.41,0.28,0,0.05,0.78,0.09,0.37,11.72,4.08,1.47,1.66,0,0.4
1.23,6.8,0,7.15,0,0.27,0.06,5.4,1.18,1.52,0.06,142.77,1628.91,5600.5,260.7,146.9,0,1.09,0.97,0,0.07,0,0.57,1.02,3.24,0.06,1.88,1.74,3.22,5.8,0,2.49,2.85,0.02,0.84,12.88,0.8,0.29,1.02,0.23,0.19,0.49,0.87,0.09,0.09,0,1.37,3.02,0.42,0.19,0,0.1
1.11,5.38,7.26,5.03,0.07,0.13,0.17,3.71,0.83,1.24,0.19,0.11,1193.31,3873.85,278.03,200.88,1.46,1.49,0.69,0,0.11,0,0,1.88,2.42,0.32,6.87,0.25,3.61,0,0,0.43,1.53,0.16,0.79,26.08,1.17,0,1.14,0.22,0.74,0.37,1.04,0.3,0.08,0,2.07,1.98,0,0.36,0,0
0.87,6.14,10.99,3.19,0.4,0.63,0.6,3.16,0.82,1.54,0.18,4.7,552.17,3361.91,449.83,280.1,5.05,1.01,0.31,0.2,0.53,0.06,0,0.99,1.8,0.16,4.86,2.08,11.56,22.22,0.19,3.1,3.36,0.18,2.62,10.55,1.03,0,4.68,0.14,0.44,0.67,1.15,0.67,0.12,0,1.66,2.74,1.12,0.46,0,0.13
1.74,4.05,2.41,4.67,0.1,0.07,0.34,2.89,0.75,0.91,0.16,2.03,1164.31,3223.95,242.07,173.36,9.89,1.27,0.61,0.37,0.18,0,0,1.47,1.7,0.14,10.14,0,3.57,6.55,0,0.49,2.02,0.3,0.35,10.37,1.01,0,2.47,0.23,0.05,0.5,0.83,0,0.08,0,0.55,1.18,0,0,0,0.21
0.56,4.81,6.74,4.39,0.61,0.16,0.14,1.57,1.07,1.14,0.15,2.68,1236.98,3249.85,194.27,210.96,0.5,6.45,0.5,0,0.33,0,0,3.52,10.4,0.23,11.35,0,6.81,0,0.09,3.54,0.3,0.14,0.63,14.67,0.94,0.33,1.46,0.22,0.2,0.12,0,0.32,0.03,0.28,6.33,3.68,0.62,1.12,0,0.09
0.43,4.12,4.11,3.44,0.07,0.16,0.12,2.42,0.66,0.88,0.12,39.61,785.78,2679.01,175.67,155,1.33,0.46,0.41,0,0.19,0,0,0.8,4.82,0,2.69,0.06,7.3,0,0.03,3.75,0.89,0.1,0.12,12.89,0.86,0.14,1.04,0.15,0.2,0.42,1.1,0,0.02,0,0.34,0.82,1.28,0.36,0,0
0.98,4.91,5.67,4.31,0.12,0.05,0.54,1.93,0.88,1.14,0.16,0.42,1033.02,2341.95,259.5,184.44,6.36,1.82,0.65,0.2,0.04,0.01,0,1.05,1.15,0.09,1.85,0.06,2.46,5.37,0,0.04,0.18,0,0.73,1.43,0.57,0.04,0.3,0.02,0.08,0.28,0.63,1.2,0.03,0,1.51,3.48,0,0,0,0
1.42,4.63,14.23,5.19,0,0.07,0.36,3.3,0.74,1.06,0.21,0.53,1237.81,3606.61,170.62,152.08,0,1.2,0.69,0,0,0,0,1.04,2.3,0.18,1.46,0.21,1.84,0,0,0.4,0.86,0.15,0.64,22.27,1.12,0,0.23,0.12,0.62,0.33,1.05,0.26,0.04,0,1.65,1.21,0,0.77,0,0
0.96,6.5,13.15,5,0.12,0.37,0.3,4.21,0.92,1.59,0.21,3.92,1005.92,4796.29,247.48,227.82,5.03,0.99,0.58,0.28,0.26,0,0,0.64,2.2,0.12,3.19,0.63,6.05,10.78,0.14,4.1,3.7,0.23,3.41,12.85,1.16,0,2.89,0.06,0.46,0.52,1.46,0.94,0.02,0,2.23,3.31,1.28,0.52,0,0.22
2.85,3.39,5.91,5.42,0.02,0.06,0.28,2.59,0.71,0.73,0.2,5.44,1336.43,3036.12,184.12,154.46,9.74,1.3,0.67,0.35,0,0,0,0.74,1.52,0.1,1.58,0.14,1.9,3.51,0,0.52,1.65,0.35,0.27,9.4,0.95,0,0.99,0.11,0.15,0,0.59,0,0.03,0,0.51,1.1,0,0.02,0,0.24
0.62,5.01,3.48,4.69,0,0.15,0.06,1.96,0.7,1.14,0.16,4.08,1517.71,3920.81,162.92,179.29,0.77,5.7,0.62,0,0.15,0,0,1.8,11.79,0.44,4.85,0.29,4.87,0,0.04,2.67,0.36,0.21,0.79,13.09,1.05,0.3,0.62,0.22,0.37,0.06,0,0.36,0.08,0.42,9.35,3.7,0.37,1.28,0,0.31
1.51,3.21,4.47,3.34,0,0.26,0.21,2.03,0.44,0.55,0.11,191.1,586.74,2303.55,103.49,82.28,1.6,0.17,0.31,0,0.07,0,0,0.27,5,0,4.51,0,4.68,0,0,3.48,0.57,0.09,0,13.13,1.15,0.13,0.41,0.18,0.07,0.27,0.61,0,0.03,0,0.3,0.78,1.16,0.27,0,0
1.47,4.7,9.89,4.72,0.09,0.05,0.74,2.28,0.75,1.02,0.2,0.99,1442.64,3093.42,256.8,155.66,7.64,2.45,0.79,0.17,0,0,0,0.58,1.42,0.19,0.79,0.31,1.72,5.39,0,0.03,0.17,0,1.08,2.14,0.65,0.08,0.31,0.04,0.2,0.1,0.55,1.55,0.04,0,1.94,4.08,0,0,0,0
1.17,4.82,9.45,4.99,0,0.05,0.31,3.17,0.74,1.06,0.22,0.89,1187.58,3417.91,175.07,149.54,0,1.16,0.65,0,0.1,0,0,1.56,2.55,0.12,1,0.24,1.42,0,0,0.56,0.88,0.42,0.49,24.59,1.41,0,0.31,0.12,1.28,0.34,1.14,0.26,0.01,0,1.75,1.09,0,0.65,0,0
1.01,4.52,8.49,3.14,0.19,0.33,0.38,2.71,0.5,1.03,0.15,7.88,751.14,3255.02,147.36,135.78,3.11,0.5,0.28,0.21,0.25,0,0,0.87,2.04,0.01,0.34,0.11,2.62,3.81,0,1.87,1.88,0.25,1.93,7.72,0.88,0,0.94,0.02,0.33,0.2,1.09,0.47,0,0,1.21,1.61,0.55,0.46,0,0.12
2.54,2.66,8.18,2.79,1.66,0.11,0.63,1.42,0.71,0.55,0.13,19.15,500.47,1524.41,277.55,168.16,5.01,0.98,0.2,0.12,0.13,0,0,0.93,1.96,0.11,1.55,0.06,1.32,3.04,0,0.21,1.04,0.27,0.34,4.16,0.69,0,0.89,0.09,0.2,0.25,0.5,0,0.07,0,0.28,0.92,0,0.11,0,0.17
0.98,4.7,28.68,4.36,0.18,0.37,0.25,1.79,0.84,1.06,0.14,57.09,866.14,2912.72,253.1,215.25,0,4.39,0.27,0,0.12,0,0,0.81,8.29,0.12,2.14,0.09,5.6,0,0.1,3.37,0.31,0.48,0.74,13.9,0,0,0.46,0.13,0.13,0,0,0.39,0.01,0.28,7.59,2.86,0.59,1.28,0,0.41
1.92,4.8,7.1,3.71,0.09,0.36,0.76,2.41,0.55,0.95,0.15,191.43,631.56,2715.29,175.81,140.28,2.48,0.78,0.38,0,0.08,0,0,0.75,4.59,0,2.15,0.21,3.95,0,0,1.98,0.97,0.16,0.12,7.51,0.9,0.08,0.47,0.05,0.04,0.37,1,0,0.02,0,0.58,0.88,0.7,0.24,0,0.12
1.12,5.25,11.37,4.49,0.08,0.03,0.95,1.83,0.67,1.17,0.18,2.25,1105.07,2527.2,245.6,149.16,7.25,2.32,0.54,0.16,0,0,0,0.61,1.05,0.07,0.52,0,1.23,4.87,0,0.03,0.16,0,1.15,0,0.38,0,0.3,0.01,0.24,0.16,0.45,1.2,0.01,0,1.09,3.55,0,0,0,0
0.53,5.51,4.17,3.87,0.12,0.59,0.17,3.54,0.71,1.25,0.11,0.24,903.31,3247.38,377.35,175.86,1.67,1.35,0.62,0,0.3,0,0.15,1.31,1.46,0.08,11.41,0.3,6.22,4.53,0.1,1.24,0.92,0.14,0.94,30.59,0.67,0.16,1.48,0.29,2.7,0.23,1.77,0.34,0.02,0,1.87,2.3,0.18,0.5,0,0
0.36,5.36,18.29,3.08,0.15,0.51,0.22,2.79,0.59,1.25,0.06,3.81,799.3,3436.66,225.07,164.54,1.92,0.9,0.39,0.14,0.22,0.1,0.18,1.49,1.79,0,0.95,1.21,5.67,13.28,0.29,7.39,3.54,0.13,3,7.53,0.56,0,2.32,0.05,0,0.1,0.52,0.8,0.01,0,2.28,2.46,1.75,0.36,0,0.1
0.82,4.37,8.58,4.59,0.48,0.17,2.31,3.1,0.6,0.93,0.12,4,1094.82,3122.36,208.74,116.5,5.87,2.12,0.53,0.29,0.08,0,0.17,1.73,1.02,0,2.45,1.48,3.68,12.44,0,0.61,2.44,0.1,0.36,8.99,0.4,0,1.4,0.04,0,0.14,0.39,0.07,0,0,0.53,1.39,0.02,0.06,0,0.39
0.43,4.93,4.28,5.74,0.69,0.52,0.07,2.36,1.09,1.21,0.13,1.36,1460.5,3855.59,315,193.44,1.17,2.14,0.72,0,0.39,0,1.2,1.97,11.07,0.05,8.96,1.58,3.53,1.42,0.08,2.72,0.39,0.11,0.71,11.6,0.51,0,1.82,0.13,0.07,0.06,0,0.49,0.04,0.25,8.49,4.27,0.19,0.24,0,0
0.46,3.9,6.49,4.25,0.07,0.25,0.17,3.02,0.72,0.84,0.07,20.68,1077.9,3292.86,219.12,172.17,1.55,1.4,0.62,0,0.17,0,0.31,1.4,4.74,0,4.54,0.63,4.89,7.52,0.07,2.09,1.22,0.09,0.4,8.14,0.66,0,2.1,0.05,0.14,0.18,1.12,0.06,0.02,0,1.25,1.36,0.45,0,0,0.46
0.5,4.02,2.25,3.62,0.09,0.16,0.49,1.88,0.57,0.9,0.1,0.29,1117.58,2436.79,282.95,134.6,5.35,2.07,0.54,0.2,0.07,0,0.13,0.68,1.11,0,2.62,0.59,2.06,11.54,0,0.02,0.48,0,1.48,2.91,0.46,0,0.72,0,0,0.02,0.29,1.48,0,0,1.72,4.14,0,0,0,0
1.54,7.31,9.78,5.64,0.24,0.21,0.4,4.69,0.71,1.77,0.15,0.18,674.27,3656.68,353.07,153.96,0.81,1.71,0.59,0,0.02,0,0,1.15,2.78,0.02,0,0.25,2.76,2.58,0,1.05,1.39,0,0.84,48.48,1.44,0.05,0.73,0.26,4.66,0.68,1.48,0.35,0.06,0,1.63,2.25,0,0.38,0,0
0.94,5.61,2.84,3.73,0.12,0.15,0.17,3.41,0.45,1.38,0.14,2.49,620.1,3863.37,137.66,99.37,2.4,0.64,0.43,0.17,0.07,0,0,0.75,1.99,0.05,1.64,0.06,3.97,9.35,0.26,4.8,3.86,0,3.01,12.57,0.79,0.1,0.92,0.08,0.11,0,0.35,0.88,0.05,0,2.61,2.73,1.05,0.32,0,0.11
1.86,5.53,8.99,4.65,0.14,0.03,0.37,3.34,0.83,1.2,0.13,2.18,789.02,3061.57,283.81,115.95,6.88,1.99,0.52,0.33,0,0,0,1.2,1.41,0,0,0,2.86,15.29,0,0.81,2.3,0,0.31,11.12,0.75,0.07,1.3,0.02,0.22,0,0.53,0,0,0,0.68,1.48,0,0,0,0.48
0.8,4.19,2.34,4.41,0.78,0.06,0.07,1.34,0.74,0.88,0.1,2.73,878.65,2620.06,200.81,160.73,0.52,2.88,0.51,0,0.08,0,0,2.32,9,0,0.28,0,4.09,0,0.11,4.22,0.65,0.1,1.03,15.65,0.96,0,1.44,0.22,0.43,0,0,0.81,0.05,0.46,9.82,4.16,0.72,0.89,0,0.34
2.87,5.72,4.14,4.89,0.17,0.12,0.41,2.78,0.73,1.2,0.15,12.88,1246.52,3568.99,266.4,183.66,1.27,0.8,0.58,0,0.06,0,0,1.27,7.34,0.03,0,0,2.91,6.33,0,1.68,1.79,0.28,0.18,22.33,1.12,0,1.35,0.03,0.04,0.74,2.02,0,0,0,1.53,1.81,0.32,0.12,0,0.54
2.7,3.26,5.43,3.68,0.16,0,0.82,1.48,0.5,0.7,0.13,0.38,994.81,2459.24,257.2,126.23,8.87,3.07,0.57,0.25,0,0,0,0.51,1.72,0.01,0,0.15,0,6.05,0,0.04,0.45,0.19,1.54,3.05,0.78,0,0.01,0,0.21,0,0.43,1.73,0,0,3.23,5.53,0,0,0,0
0.86,5.16,11.62,4.5,0.02,0.05,0.27,3.81,0.71,1.19,0.24,0.2,983.09,3244.08,209.91,135.64,0,0.89,0.54,0,0,0,0,1.4,2.28,0.18,2.05,0.25,4.86,0,0,1.07,0.48,0,0.5,25.19,1.17,0.15,0.49,0.2,10.79,0.49,2.2,0.22,0.03,0,1.37,1.27,0,2.12,0,0
0.71,3.87,23.48,3.25,0.07,0.22,0.24,2.64,0.46,0.88,0.16,5.06,722.37,3197.75,89.76,89.25,2.34,0.41,0.32,0,0,0,0,0.96,1.86,0,0.19,0.34,4.89,0,0,3.55,2.26,0,1.9,10.43,1,0.08,0.69,0.02,0,0,0.49,0.61,0.03,0,2.2,2.04,0.86,0.7,0,0
1.67,4.24,9.12,4.12,0.14,0.07,0.31,2.43,0.61,0.87,0.14,7.5,817.05,2362.49,194.79,112.93,5.96,1.7,0.36,0.18,0,0,0,0.84,1.39,0.05,0.47,0,0,5.83,0,0.44,1.3,0,0.25,6.74,0.86,0,1.15,0.02,0,0.07,0.62,0,0,0,0.33,1.03,0,0.03,0,0.26
0.86,4.39,7.48,4.35,0.26,0.14,0.11,1.92,0.8,1.08,0.18,12.14,986.21,2991.3,215.76,173.35,0,2.01,0.4,0,0.14,0,0,3.01,7.87,0.21,1.71,0.32,4.21,0,0,1.92,0.52,0,0.85,10.04,0.69,0,1.17,0.09,0,0,0,0.47,0.02,0.39,8.28,3.35,0,1.01,0,0.04
1.19,4.83,3.56,4.42,0.15,0.06,0.86,1.93,0.7,1.06,0.2,0.61,996.2,2612.62,266.04,127.6,6.02,1.9,0.45,0.18,0,0,0,1.1,1.09,0.03,0,0.06,1.18,7.8,0,0.15,0.15,0,1.41,1.64,0.62,0.05,0.31,0.03,0,0,0.31,1.18,0.01,0,1.25,4.76,0,0,0,0
0.84,5.88,9.91,7.45,0.17,0.34,0.12,4.94,1.49,1.34,0.09,0.11,1807.42,4816.67,334.85,206.16,0.56,0.84,1.2,0,0.11,0,0.17,2,1.42,0.01,0,0.33,1.65,4.57,0,0.37,0.26,0.14,0.74,33.46,0.95,0.21,0.67,0.1,0.55,0.17,0.54,0.32,0,0,1.29,1.99,0.17,0.11,0,0
0.94,5.94,4.72,4.72,0.16,0.43,0.22,3.48,0.72,1.34,0.08,9.6,1290.74,4756.02,288.55,259.32,4.95,0.9,0.54,0.51,0.47,0.06,0.16,1.02,1.75,0,0.9,2.31,14.58,22.62,0,1.62,4.87,0.21,3.53,10.59,0.66,0.52,4.08,0,0.37,0.2,0.82,0.93,0.04,0,2.57,4.21,0.51,0.1,0,0.18
1.35,4.42,2.5,6.53,0.03,0.09,0.12,3.96,0.68,1,0.11,1.08,1688.29,4950.3,161.26,105,7.72,1.29,1.12,0.43,0.03,0,0.24,2,1.36,0,0,1.51,0.4,8.08,0,0.19,4.23,0.34,0.24,9.3,0.81,0,0.98,0.1,0.26,0.17,0.34,0.11,0,0,0.91,1.4,0.03,0,0,0.28
1.01,4.85,2.2,6.04,0.91,0.25,0.11,1.59,1.43,1.18,0.15,14.3,2058.22,3857.5,254.1,215.46,0.89,4.3,0.82,0,0.62,0,4.12,4.6,8.64,0,13.58,0.61,0,6.98,0.11,4.22,0.66,0.21,0.88,19.32,0.59,0.27,1.54,0.18,0.34,0.23,0,0.62,0.03,0.33,10.87,4.54,0.45,0.62,0,0.25
1.08,5.33,4.17,6.91,0,0.24,0.13,4,0.99,1.18,0.13,46.43,1693.21,4585.98,245.55,138.16,1.73,0.83,0.83,0.08,0.35,0.01,0.44,3.07,3.97,0,6.18,0.27,3.47,8.01,0.08,2.31,2.95,0.03,0.2,14.16,0.68,0.17,1.81,0.11,0.12,0.26,0.38,0,0.05,0,1.06,1.97,0.41,0,0,0
1.3,6.14,10.28,5.87,0.08,0.19,0.17,3.95,1.01,1.36,0.14,0.23,1265.61,3358.34,317.15,182.92,0.29,0.68,0.72,0,0.25,0,0,1.21,2,0,0.78,0.26,0,3.46,0,0.18,0.38,0.14,0.51,23.61,1.18,0,0.8,0.01,1.01,0.43,1.14,0.31,0,0,1.77,1.61,0,0.35,0,0
1.21,4.89,26.83,3.88,0.14,0.13,0.17,2.65,0.68,1.21,0.11,4.07,796.18,3828.51,132.51,135.27,2.74,0.62,0.49,0.32,0.15,0,0,1.01,1.55,0,0,0.7,3.58,8.29,0,0.85,5.11,0.15,2.23,8.53,0.86,0,1.82,0,0.3,0.21,0.83,0.65,0,0,2.5,3.66,0.32,0.17,0,0
2.59,4.26,9.8,4.3,0.15,0.07,0.36,2.73,0.65,0.97,0.14,1.71,845.24,2764.46,313.42,135.45,9.09,0.66,0.52,0.55,0.1,0,0,1.09,1.38,0,1.25,0.26,3.37,17.96,0,0.1,2.14,0.45,0.18,6.56,1.07,0,5.45,0.03,0.34,0.45,0.48,0,0,0,0.63,1.57,0,0,0,0.26
1.08,3.94,22.13,3.79,0.04,0.15,0.13,1.4,0.81,0.93,0.1,12.41,988.6,2756.45,179.42,172.66,0,3.53,0.32,0,0.28,0,0,2.2,8,0,2.45,0.96,0,3.02,0,1.51,0.53,0.18,0.64,13.5,0.83,0,1.48,0.13,0.39,0,0,0.28,0.02,0.34,9.14,3.46,0.21,0.73,0,0.21
1.72,5.88,6.93,5.93,0,0.15,0.12,3.68,0.74,1.17,0.08,45.02,1409.62,4255.75,133.87,99.99,1.18,0.7,0.79,0,0,0,0,1.93,3.47,0,4.73,1.33,0,4.52,0,1.91,1.73,0.07,0.14,14.64,1.09,0.28,0.62,0.14,0.36,0.35,0.67,0,0,0,0.64,1.4,0.46,0.2,0,0
1.02,4.8,1.32,4.8,0,0.07,0.25,3.43,0.81,1,0,1.52,1076.05,2997.96,259.16,156.55,0,0.57,0.6,0,0,0,0,1.93,2.41,0.16,2.29,0.09,3.11,0,0,1.11,0.35,0.2,0.37,30.45,1.41,0.09,0.3,0.34,1.86,0.42,1.59,0.3,0.02,0,1.52,1.03,0,0.89,0,0
1.17,5.99,4.11,4.47,0,0.26,0.15,3.58,0.73,1.42,0,10.4,1339.65,5331.75,144.02,171.08,3.61,0.68,0.62,0.29,0.15,0,0,1.99,2.29,0,0,0,3.91,6.83,0.05,2.19,3.71,0.31,3.04,9.33,0.83,0,1.73,0,0.16,0.24,0.92,1.03,0,0,3.03,4.21,0.64,0.15,0,0.13
1.83,2.99,0.44,3.77,0,0.05,0.3,2.22,0.57,0.7,0,11.43,738.66,2103.74,185.17,104.56,7.02,0.57,0.34,0.39,0.15,0,0,0.88,1.45,0.12,0.44,0.09,1.48,3.51,0,0.29,1.34,0.23,0.14,7.91,0.63,0,1.19,0.11,0.06,0,0.36,0,0.02,0,0.24,1.04,0,0,0,0.11
1.01,3.09,4.74,2.75,0.03,0.66,0.18,1.36,0.58,0.66,0,128.38,739.44,2325.87,158.94,158.79,0,2.27,0.31,0,0.37,0,0,1.62,10.47,0.28,2.9,0,6.08,0,0.13,4.17,0.17,0.39,0.59,18.35,1.02,0.09,0.44,0.19,0.22,0,0,0.19,0.02,0.23,9.3,1.94,0.62,1.09,0,0.16
1.67,5.41,4.99,5.82,0,0.46,0.18,3.11,0.88,1.11,0,371.24,1557.86,3746.51,158.67,139.72,1.39,0.88,0.75,0,0.13,0,0,1.45,3.68,0,1.35,0.25,6.16,0,0.11,3.73,1.45,0.13,0.24,11.23,0.93,0,0.71,0.04,0,0.28,0.56,0,0,0,0.92,1.47,1.37,0.21,0,0.08
4.31,6.18,3.36,5.68,0.1,0.26,0.66,2.72,1.07,1.23,0.53,0.51,1705.57,3412.52,643.42,343.99,0.28,1.06,0.71,0,0,0,0,0,0.76,0.1,0,0,0.84,2.61,0,0,4.49,0.23,0,0.15,0,0,0.51,0.48,0,0,0.76,1.14,0,0,0,1.58,0,0,0,0.34
0.37,8.54,13.1,13.09,0.13,0.16,0.24,5.12,2.9,2.04,0.71,0.58,2789.67,8127.03,135.7,109.8,5.38,3.86,1.32,0,0,0,0,18.98,1.2,0.11,0.04,6.93,13.5,8.99,0,0,10.79,0,1.39,0.9,0.45,0,0.52,0,0.44,0,0.17,0.26,0.08,0,0,1.25,0.3,0,0,0
2.53,17.98,15.29,12.72,0.34,0.16,0.76,7.11,1.81,3.97,0.73,1.49,2719.39,8351.9,619.08,333.54,5.97,3.14,1.91,0.11,0,0.37,0,1,2.31,0.05,8.58,3.38,0,41.52,0,2.82,7.61,0.99,0.67,78.46,3.93,0.27,3.32,3.08,0.76,1.23,1.44,0.55,0.03,0,0,0.81,0.72,0.85,0,0
1.52,9.26,7.56,11.59,0.04,0.03,0.24,4.44,2.12,2.16,0.62,1,2876.78,7360,161.03,149.49,7.02,4.37,1.17,0.08,0.07,0,0,7.02,0.88,0.05,0.23,6.5,3.42,9.65,0,0.61,10.14,0.09,0.29,1.81,0,0,0.67,0,0,0,0,0,0,0,0,0.77,0.2,0,0,0
0.9,7.92,2.56,7.73,0,0.58,0,5.03,1.18,1.51,0.55,18.22,2065.04,6641.36,299.73,204.66,1.31,3.23,2.27,0,0,0,0,2.12,4.14,0.04,6.8,1.59,18.23,8.22,0,1.46,10.36,0.26,0.22,13.83,2.15,0,1.66,1.24,0,0.21,1.7,0,0,0,3.93,4.61,0.35,5.64,0.08,0
0.92,9.95,2.52,7.55,0,2.05,0.73,3.73,1.08,1.91,0.4,9.76,1630.76,5273.42,538.72,242.15,10,1.96,1.97,0,0.8,0.03,0,0.29,1.79,0,0.92,5.77,24.96,64.34,0,0,2.38,0.29,0.34,7.28,0,0,0.97,0.05,0,0,0,1.1,0.12,0,5.86,7.16,0,0,0,0.44
2.11,7.44,1.45,4.17,0.13,1.27,0.6,3.82,0.59,1.62,0.59,3.3,629.81,3763.62,675.88,169.36,1.69,0.72,1.55,0,0,0.13,0,0,2.14,0,29.79,2.23,33.57,16.64,0,0,6.32,0.47,0.29,50.04,2.52,0,1.43,3.28,0,0,0,0,0,0,0,4.51,1.75,1.95,0,0
2.69,5.28,2.61,5.25,0.17,0.23,0.73,3.63,0.6,1,0.76,2.14,1135.74,5392.34,328.96,197.33,13.82,0.27,1.52,0,0.66,0.27,0,0.19,1.11,0,2.21,3.9,10.25,25.39,0,0,7.61,0.75,0.1,10.05,0,0,0.57,0.27,0,0,0,1.32,0.27,0,0,0.42,0.13,0.21,0,0
0.53,10.67,6.57,15.06,0,0.2,0.15,4.98,2.7,2.26,0.68,0.98,3172.9,8271.21,143.75,137.43,9.77,4.08,2.24,0,0.21,0,0,31.41,0.78,0,0.34,7.89,13.99,17.31,0,0,15.96,0.05,0.38,0.87,0.39,0,1.34,0,0,0,0.12,0,0,0,0,1.24,0.38,0,0,0
1.16,7.69,0.13,5.73,0.1,0.05,0.28,3.04,0.95,1.62,0.69,2.03,2085.7,5658.26,876.68,286.72,1.09,0.69,1.2,0,0,0,0,0.26,1.79,0,0.86,0.83,3.34,20.7,0,0.66,4.03,0.17,0.27,34.93,0,0,1.43,0.2,0,0.14,0.55,0.51,0,0,0.19,1.78,0.49,0,0,0
2.26,23.69,0,12.56,0.29,0.14,0.38,6.2,1.29,5.39,0.8,10.52,1276.58,5985.96,901.03,331.5,1.85,1.55,0.86,0,0,0,0,0,2.56,0,4.17,1.23,7.79,18.56,0,1.81,29.43,0.8,0.21,86.88,0,0,1.46,3.3,0,0,0,0,0,0,0,1.5,0.1,0.14,0.06,0
1.77,16.61,0.09,10.79,0,0,0.6,5.49,1.83,4.03,0.94,0.22,1932.85,6334.82,725.46,268.07,2.07,2.22,1.51,0,0,0,0,0.28,3.01,0,10.47,3.22,18.5,29.81,0,18.36,3.16,0.31,0.33,57.86,3.02,0,2.77,1.27,0.34,0,0.56,0,0,0,0,0.36,0.8,3.77,0,0
2.07,10.52,2.16,9.98,2.5,0,0.03,1.97,1.81,2.01,0.88,0.41,3644.08,354.49,25.83,146.68,1.59,0.87,1.16,0.5,0,0,0,5.01,3.87,0,6.9,8.5,11.54,0,0,3.71,4.98,0.18,0.14,4.04,0.76,1.14,0,0,0,0,0,0,0.04,0,1.85,0.34,0.49,0.78,0,0
0.96,5.79,2.24,8.48,0,0,0,4.52,1.08,0.98,0.53,0.15,1293.3,4524.94,282.31,169.46,0,1.3,0.92,0,0,0,0,5.45,1.45,0,0.68,4.64,1.83,1.61,0,0.22,0.94,0,0.65,18.77,0,0,0,0,0,0,0.59,0.43,0,0,0,1.16,2.18,0,0,0
1.47,6.01,2.09,5.24,0,0.54,0.28,3.51,0.82,1.04,0.68,8.15,1053.59,5055.05,387.58,258.25,3.33,1.56,0.36,0.13,0.57,0.08,0,2.46,1.91,0,1.49,3.34,7.55,19.39,0,4.36,7.02,1.58,4.3,11.19,0,0,3.32,0,0.28,0.25,1.12,1.28,0,0,0,3.86,1.1,0.72,0.08,0
1.95,5.49,9.54,6.82,0.62,0.29,0.38,3.69,0.41,0.6,0.6,21.21,1093.73,3913.71,465.57,219.75,9.13,3.15,0.67,0,0,0,0,0.89,1.51,0,0.36,1.3,2.76,11.97,0,0.68,2.98,0,0.37,8.33,0,0,2.13,0,0,0.25,0.46,0,0,0,0,1.43,0.37,0,0,0
0.41,5.21,2.02,7.31,0.64,0.24,0,2.69,1.24,1.01,0.73,3.63,1666.59,4405.92,329.73,278.6,0,8.53,0.74,0,0.42,0,0,11.23,5.9,0,3.38,0,9.08,0,0,5.68,0.56,0,1.6,13.66,0,0,1.16,0,0.07,0,0,1.01,0,0,4.39,3.91,2.52,1.15,0.09,0
0.86,4.56,2.06,10.51,0,0.66,0,4.65,1.29,0.74,0.65,58.79,1277.8,4409.49,296.21,183.53,0.21,1.01,0.79,0,0,0,0,17.04,2.57,0,2.46,0,16.26,5.91,0,1.56,1.66,0,0,4.75,0,0,1.25,0,0.19,0,0.46,0,0,0,0,1.16,2.92,0.38,0.03,0
0.87,2.87,1.88,8.7,0.06,0,0.07,2.5,0.86,0.69,0.6,1.03,1397.25,3013.97,270.6,134.45,4.3,2.83,0.59,0.05,0,0,0,12.21,0.66,0,0,3.91,4.54,10.87,0,0,0.16,0,1.74,0.71,0.11,0,0.65,0,0.07,0,0.2,1.62,0,0,0,3.21,0.44,0,0,0
0.92,5.5,2.08,5.82,0,0.06,0.14,2.9,0.73,0.97,0.51,0.74,1211.26,3540.31,407.16,252.4,0,0,0.49,0,0,0,0,0,1.82,0,0.68,0,1.72,0.72,0,0.14,0.35,0.64,0.25,14.29,0,0,0.29,0,0,0,0.32,0.45,0.08,0,0,1.52,0,0.09,0,0
2.8,9.76,2.24,5.56,0,0.69,1.1,3.44,0.89,1.7,0.7,13.1,1521.85,5532.11,482.81,458.88,2.32,0,0.42,0,0.59,0.36,0,0,2.66,0,1.26,1.5,8.58,16.84,0,2.91,8.72,0.8,4.47,11.89,0,0,4.78,0,0,0.4,1.32,1.54,0.2,0,0,5.5,0,0.22,0,0.27
1.48,5.25,3.59,4.82,0.46,0.05,1.53,2.07,0.79,0.79,0.43,9.51,1091.65,2910.98,498.99,289.04,7.15,0,0.55,0,0,0,0,0,1.51,0,0.46,0.77,2.17,10.61,0,0.72,1.99,0.53,0,8.37,0,0,1.54,0,0,0.22,0,0,0.01,0,0,1.52,0,0,0,0
0.85,6.37,3.53,6.35,0.25,0.34,0,1.93,1.24,1.27,0.53,39.75,1831.11,4407.68,345.22,328.94,0,0,0.64,0,0.42,0,0,0.66,9.27,0,4.39,0.53,0,7.42,0,5.5,0,0.73,0.75,17.84,0,0,0.86,0.08,0,0,0,0.56,0.15,0,6.89,3.84,0,1.49,0,0.32
1.62,5.52,2.39,5.34,0,0,0.54,1.63,0.66,0.84,0.52,3.4,1898.11,3080.52,264.04,186.82,5.27,0,0.63,0,0,0,0,0,0.96,0,0,0.61,1.16,6.42,0,0,0.24,0.86,0.84,1,0,0,0,0,0,0,0,1.79,0,0,0,3.61,0,0,0,0
1,8.42,1.91,5.73,0,0,0.25,3.48,0.9,1.53,0.67,1.01,1312.39,4218.12,580.23,346.44,0,0,0.58,0,0,0,0,0,1.39,0,0.86,0,2.27,1.36,0,1.52,1.75,0.22,0.08,33.05,0,0,0,0,0,0,0.19,0.37,0,0,0,1.38,0,0,0,0
1.29,9.84,1.91,5.57,0,0.63,0.73,2.52,0.49,1.34,0.48,12.78,1073.8,4087.08,515.34,358.81,1.2,0,0.29,0,0,0,0,0,2.22,0,0.84,2.62,10.63,24.28,0,3.95,8.76,0,3.63,12.36,0,0,0,0,0,0,0.57,1.24,0,0,0,4.27,0,0,0,0.07
2.61,7.58,3.17,6,0,0,0.83,2.75,0.97,1.2,0.49,35.5,1313.25,3316.38,595.71,266.19,13.35,0,0.44,0,0,0,0,0,1.56,0,0.06,0.57,3.26,13.79,0,1.04,3.63,0,0,10.5,0,0,0,0,0,0,0,0,0,0,0,1.64,0,0,0,0
0.48,5.48,4.04,4.47,0,0.4,0,1.2,0.78,0.87,0.46,78.91,1310.09,3152.68,430.32,330.48,0,0,0.36,0,0.66,0,0,0,7.2,0,2.02,0.26,5.33,0.48,0,3.57,0.75,0.19,0.64,17.1,0,0,0,0,0,0,0,0.39,0,0,6.47,2.42,0,1,0,0.09
2.59,6.39,4.73,5.97,0,0.54,0.54,2.98,0.78,0.74,0.42,220.18,922.49,3517.75,385.08,218.75,2.5,0,0.55,0,0,0,0,0,3.72,0,1.23,0.12,2.74,5.13,0,3.13,1.49,0,0,10.6,0,0,0,0,0,0,0.17,0,0,0,0,0.71,0,0,0,0
2.77,5.93,1.8,5.77,0,0,0.84,1.62,0.76,0.84,0.43,13.34,1591.8,2665.41,255.19,196.27,4.89,0,0.41,0,0,0,0,0,0.83,0,0,0.09,1.02,4.17,0,0.58,0.64,0.45,1.02,1.28,0,0,0,0,0,0,0,1.36,0,0,0,2.73,0,0,0,0
1.01,7.76,2.29,5.39,0,0.36,0.17,4.67,0.77,1.57,0.32,0.09,699.3,4121.85,430.86,156.73,0.14,1.25,0.63,0,0,0,0,0.07,2.55,0.04,0.67,0.68,0.42,7.5,0,0.79,1,0.87,0.58,25.82,0,0,0.64,0.73,1.08,0,0.64,0.29,0.1,0,0.79,1.74,0.12,0,0,0
0.75,9.34,2.89,6.85,0,0.45,0.33,4.35,1.3,2.15,0.4,8.74,1198.8,5609.61,329.01,225.9,0.75,2.49,0.64,0.16,0.38,0,0,2.8,2.58,0.04,2.22,4.52,7.41,20.86,0,5.19,6.7,0.51,5.32,12.01,0.34,0,2.83,0.23,0,0,0.56,1.08,0,0,1.39,3.26,0.64,0,0,0
1.89,8.06,5.58,7.19,0,0.42,1.18,3.12,1.43,1.67,0.32,15.52,1010.5,3436.65,676.21,220.49,9.44,3.95,0.52,0.03,0,0,0,1.73,1.65,0,0.39,2.52,0,31.2,0,0.57,4.08,0.12,0.5,8.34,1,0,4.33,0,0,0.8,1.41,0,0,0,0,1.98,0.48,0,0,0
0.76,6.3,4.24,7.51,0,0.2,0.1,2.13,1.11,1.46,0.48,11.18,1481.76,4394.13,351.69,233.96,0,4.96,0.61,0,0.19,0,0,5.09,9.95,0.18,2.47,4.91,7.84,0.45,0,2.95,0.66,0.06,1.09,9.32,0,0.09,2.26,0,0,0,0.12,0.5,0,0,8.06,4.37,0.49,0,0,0
2.28,7.47,3.83,10.45,0,0.25,0.73,4.54,2.12,1.54,0.39,39.63,1351.07,4528.64,410.55,284.41,0.07,1.62,0.85,0,0,0,0,5.82,4.58,0,0.86,3.65,2.86,15.37,0,0.8,1.97,0,0.37,3.68,0.66,0,3.39,0,0,0.7,1.41,0,0,0,0,1.28,0.76,0,0,0
1.34,6.4,4.09,8.6,0,0.09,0.54,3.12,1.03,1.38,0.59,0.83,1141.44,3842.42,365.17,136.28,3.87,1.54,0.69,0,0,0,0,3.08,1.39,0,0.1,3.6,4.42,17.47,0,0.05,1.52,0,1.25,1.95,0.47,0,1.23,0,0,0,0.17,0.31,0,0,0,4.93,0.59,0,0,0
1.41,9.01,2.1,5.35,0,0.21,0.33,4.23,0.66,1.85,0.43,0.42,850.63,4090.07,507.26,180.11,0,1.36,0.48,0,0,0,0,0,2.19,0,0.99,0.53,2.07,7.16,0,0.6,1.17,0.89,0.55,41.51,0,0,0.88,0.27,3.79,0,1.05,0.36,0,0,0,2.29,0,0.4,0,0
0.75,8.1,3.49,4.76,0.5,0.52,1,3.27,0.5,1.83,0.49,10.33,972.07,4917.14,310.06,188.47,1.55,1.33,0.28,0,0,0,0,0,2.5,0.05,2.62,1.8,5.71,15.62,0,5.7,5.38,0.12,3.73,11.19,1.09,0,1.33,0,0,0,0,0.85,0,0,0,3.37,0,1.04,0,0.59
1.73,9.04,8.93,6.9,3.68,0.28,3.22,3.37,0.79,1.41,0.55,9.77,1101.37,3702.62,675.02,313.67,7.68,3.71,0.49,0,0,0,0,0,1.7,0,0.49,1.08,4.27,19.82,0,0.47,3.68,0.88,0.44,12.5,0.86,0,2.58,0,0,1.37,1.03,0,0,0,0,2.4,0,0,0,0
0.83,7.66,4.28,7.65,0.86,0.05,0,2.14,1.42,1.61,0.31,10.85,1887.93,4846.41,319.76,263.75,0.48,5.24,0.7,0,0,0,0,3.06,8.96,0,2.49,2.13,0,5.03,0,5.88,0.99,0.35,1.07,16.84,0,0.1,0.94,0,0,0,0,1.05,0,0,8.1,5.4,0.6,0.55,0,0.1
1.79,6.95,2.22,7.61,0,0.09,0.22,4.19,1.68,1.5,0.44,14.83,1407.64,5301.23,400.6,267.63,0.46,2.61,0.96,0,0,0,0,2.98,4.14,0,0.84,2.6,4.26,11.56,0,0.44,2.85,0,0.51,6.09,0,0,2.11,0,0,0.23,1.3,0,0,0,0,2.39,0.55,0,0,0
1.81,6.9,2.24,6.2,0,0,0.82,2.16,0.9,1.43,0.38,0.92,1420.78,3561.84,421.43,182.64,6.33,1.61,0.61,0,0,0,0,0,1.26,0,0,1.72,1.98,14.17,0,0,0.65,1.33,1.61,2.14,0.23,0,0.5,0,0.15,0,0,0.42,0.05,0,0,6.64,0,0,0,0
0.81,5.2,2.47,4.04,0,0.11,0.14,3.05,0.59,0.94,0.51,0.28,832.97,3255.24,421.19,179.27,0,0.79,0.44,0,0,0,0,0,1.46,0,1.14,0.61,0,7.74,0,1.26,0.54,0.36,0.32,30.75,2.2,0,0.78,0.05,3.42,0,0.61,0.35,0,0,0,1.9,0,0.14,0,0
0.81,6.48,3.79,3.89,0.21,0.45,0.37,2.73,0.37,1.16,0.49,11.32,1268.35,5017.01,227.44,190.16,1.76,1.04,0.41,0,0,0.18,0,0,2.37,0,3.25,1.68,0,16.5,0,8.86,6.38,0.51,3.07,7.94,1.71,0,1.33,0,0,0,0,1.02,0,0,0,3.72,0,0.65,0,0.5
1.38,7.31,4.48,7.52,0.78,0.09,0.84,3.44,0.84,1.21,0.51,7.2,1720.66,4182.36,453.11,237.91,8.42,3.52,0.75,0.2,0,0,0,0,1.5,0,0.64,1.28,0,20.79,0,2.25,3.54,0,0.3,13.55,0,0,3.42,0,0,1.03,0.74,0,0,0,0,2.63,0,0,0,0
0.4,4.86,2.88,5.39,0,0.18,0,1.58,0.92,0.91,0.44,8.08,1720.19,3779.47,266.43,259.63,0,7.2,0.57,0,0.43,0,0,0.83,7.24,0,8.67,0.55,0,0,0,18.02,0.82,0.34,0.86,18.02,1.12,0,0.65,0,0,0,0,0.7,0,0,5.98,4.02,0,1.21,0,0.62
0.71,5.84,2.64,9.45,0,0.25,0,4.68,1.62,0.98,0.37,97.71,2041.99,5216.17,199.62,207.84,0.47,1.48,1.1,0,0,0,0,4.81,3.03,0,3.57,2.4,0,3.97,0,6.39,1.92,0.07,0.32,8.64,0.8,0,0.79,0,0,0,0.25,0,0,0,0,1.55,0.62,0.43,0,0
0.95,5.05,1.52,6.47,0,0,1.18,2.09,1.13,0.94,0.46,2.19,1787.46,3159.38,227.06,154.24,5.89,1.44,0.58,0,0,0,0,2.26,0.75,0,0,0.21,0,4.14,0,0.12,0.33,0,1.35,1.82,0,0,0,0,0,0,0,0.42,0,0,0,4.58,0,0,0,0
1.1,6.21,1.96,6.29,0.12,0.16,0.32,4.18,1.47,1.4,0.69,0.64,1338.95,4392.66,787.82,302.44,0,0.79,0.69,0,0.24,0,0,0,2.13,0.42,1.04,0.47,1.81,5.35,0,0.67,1.27,0.51,0.32,26.15,0.87,0,1.33,0.26,4.47,0.44,0.7,0.37,0,0,0.21,1.85,0,0.5,0,0
1.06,7.61,1.26,3.82,0.22,0.64,0.65,3.28,1.14,1.72,0.49,24.77,1043,4771.62,484.68,413.5,5.77,0.57,0.38,0.05,1.23,0.17,0,0,2.43,0.1,0.82,3.37,16.07,35.73,0,1.73,3.5,1.74,1.11,7.63,0.46,0,2.69,0,0,0,0.32,0.48,0.02,0,2.05,4.13,0,0,0,0.31
1.98,10.61,3.5,11.34,0.21,0.01,0.4,6.12,1.88,2.45,0.5,5.41,2516.21,6912.79,497.62,252.33,16.23,2.09,1.75,0.13,0.46,0,0,2.3,3.01,0,0.49,5.98,7.03,46.72,0,1.48,5.06,0.52,0.26,13.35,0,0,1.6,0,0,0.13,0,0.04,0.04,0,0.65,1.97,0.39,0,0,0
0.66,8.37,1.87,8.97,0.73,0.21,0.06,2.16,2.28,1.87,0.46,12.65,2346.82,4559.09,400.29,328.11,0.13,7.23,0.83,0,0.42,0,0,5.56,11.04,0.22,3.3,1.94,0,6.96,0,9.87,0.95,0.41,0.83,25.35,0,0.26,1.55,0.49,0.41,0.11,0,0.34,0.03,0,10.47,5.89,0.59,1.3,0,0.32
2.07,10.38,4.96,10.38,0.11,0.24,0.32,5.29,2.12,2.1,0.52,117.24,2356.11,6121.85,367.37,222.1,1.31,1.05,1.3,0,0.05,0,0,2.53,3.55,0.04,1.54,2.73,3.82,7.64,0,5.55,3.42,0.37,0.18,12.56,0,0,0.77,0,0,0.29,0.66,0,0,0,0,1.69,0.73,0,0,0
2,11.56,8.22,12.11,0.19,0.53,0.21,6.21,2.08,2.46,0.83,0.93,1328.18,5463.17,853.2,293.51,0,1.79,1.07,0,0,0,0,6.28,2.32,0,1.19,4.09,5.43,8.91,0,0.21,1.76,0,1.31,32.06,0,0,1.66,0.27,1.86,0.79,1.51,0.53,0,0,0.8,2.66,2.27,0.39,0,0
2.3,8.2,8.17,7.4,0.38,0.46,0.66,4.47,1.59,1.99,0.6,13.68,1034.75,4962.42,527.49,323.83,4.54,0.52,0.47,0.63,0.39,0,0,3.49,2.41,0,1.19,5.89,17.06,38.03,0,1.91,6.23,0,2.96,8.25,1.33,0,5.38,0,0.39,0.74,0.68,0.96,0,0,1.73,5.5,0.85,0.48,0.09,0
3.88,9.49,2.45,12.5,0.07,0,0.49,5.5,2.97,1.84,0.8,5.42,1711.85,4873.18,577.16,247.24,14.39,2.06,0.92,1.24,0,0,0,12.5,1.57,0,0.45,7.62,20.18,46.19,0,0.2,4.55,0,0.5,7.18,0.84,0,4.95,0,0.08,0.42,0,0,0,0,0,1.63,1.79,0,0,0
1.28,7.34,6.19,11.52,0.37,0.41,0.03,3.39,2.83,1.48,0.79,35.7,1684.31,4121.95,354.74,283.9,0,7.25,0.61,0,0.6,0,0,11.28,8.66,0,3.79,2.4,19.99,0,0,2.5,0.5,0,1.29,11.46,0.32,0.22,1.94,0,0.43,0,0,0.28,0,0,6.97,5.05,2.59,1.65,0.06,0.09
1.34,10.78,3.25,12.9,0.11,0.13,0.18,6.32,3.28,1.96,0.88,78.99,1430.73,5085.42,398.64,236.22,0.36,1.66,0.82,0,0.13,0,0,10.39,2.02,0,1.76,5.39,14.5,16.03,0,0.31,2.46,0,0.59,3.35,0.54,0,2.86,0,0.25,0.24,0.31,0,0,0,0,1.44,3.25,0.04,0,0
0.86,5.02,0,5.2,0,0.27,0.06,3.97,0.93,1.48,0.75,0.44,1179.98,4421.76,726.92,352.56,0,0.72,0.61,0,0,0,0,0,1.5,0,1.54,0.62,3.54,9.45,0,0.64,1.34,0,0.4,52.74,0,0,0.29,0,0,0,0.65,0.41,0,0,0,2.26,0.13,0.23,0,0
1.44,5.13,0,4.37,0.13,0.53,0.11,3.21,0.46,1.05,2.33,16.8,1388.55,4903.84,361.89,303.65,10.33,0.35,0.46,0,0.21,0,0,0,1.97,0,1.01,3.33,13.63,33.2,0,3.2,3.85,0,1.55,9.08,0,0,2.89,0,0,0,0,0.8,0,0,0.98,3.59,0,0.12,0,0.71
2.34,8.7,0,7.04,1.3,0,0.43,4.18,0.78,1.12,0.52,11.48,1928.68,4797.48,745.71,303.03,17.17,2.07,0.72,0.51,0,0,0,0.69,1.39,0,0.41,3.23,11.36,43.77,0,0.57,3.98,0,0.34,16.07,0,0,3.94,0,0,0.21,0,0,0,0,0,2.32,0.13,0,0,0
1.07,9.92,0,9.33,0.48,0.29,0,2.71,1.12,1.71,0.8,31.2,1784.48,4758.67,584.92,395.3,0,7.02,0.6,0,0.51,0,0,2.24,9.59,0,2.19,1.9,6.01,1.81,0,3.45,0.61,0,1.5,18.99,0,0.14,2.3,0,0,0,0,0.75,0,0,11.95,6.02,0.46,0.89,0,0.52
2.44,8.77,2.73,9.1,0,0.17,0.19,6.16,1.4,1.63,0.77,145.67,1710.88,6027.45,458.76,277.07,7.58,1.18,0.87,0,0,0,0,5.39,2.88,0,1.22,4.11,6.8,22.26,0,2.13,2.54,0,0.25,9.87,0,0,1.77,0,0,0,0.28,0,0,0,0,2.2,1,0,0,0